sample	assembly	stage	hpf	technical_replicates	descriptive_name
ERR1397009	GRCz11	1-cell	0	1-cell_detct_single_A1	1-cell_rep1
ERR1397010	GRCz11	1-cell	0	1-cell_detct_single_A2	1-cell_rep2
ERR1397011	GRCz11	1-cell	0	1-cell_detct_single_A3	1-cell_rep3
ERR1397012	GRCz11	1-cell	0	1-cell_detct_single_A4	1-cell_rep4
ERR1397013	GRCz11	1-cell	0	1-cell_detct_single_A5	1-cell_rep5
ERR1397014	GRCz11	1-cell	0	1-cell_detct_single_A6	1-cell_rep6
ERR1397015	GRCz11	1-cell	0	1-cell_detct_single_A7	1-cell_rep7
ERR1397016	GRCz11	1-cell	0	1-cell_detct_single_A9	1-cell_rep8
ERR1397017	GRCz11	1-cell	0	1-cell_detct_single_A10	1-cell_rep9
ERR1397018	GRCz11	1-cell	0	1-cell_detct_single_A11	1-cell_rep10
ERR1397019	GRCz11	1-cell	0	1-cell_detct_single_A12	1-cell_rep11
ERR1410202	GRCz11	2-cell	0.75	2-cell_detct_single_A1	2-cell_rep1
ERR1410203	GRCz11	2-cell	0.75	2-cell_detct_single_A2	2-cell_rep2
ERR1410204	GRCz11	2-cell	0.75	2-cell_detct_single_A3	2-cell_rep3
ERR1410205	GRCz11	2-cell	0.75	2-cell_detct_single_A4	2-cell_rep4
ERR1410206	GRCz11	2-cell	0.75	2-cell_detct_single_A5	2-cell_rep5
ERR1410207	GRCz11	2-cell	0.75	2-cell_detct_single_A6	2-cell_rep6
ERR1410208	GRCz11	2-cell	0.75	2-cell_detct_single_A7	2-cell_rep7
ERR1410209	GRCz11	2-cell	0.75	2-cell_detct_single_A8	2-cell_rep8
ERR1410210	GRCz11	2-cell	0.75	2-cell_detct_single_A9	2-cell_rep9
ERR1410211	GRCz11	2-cell	0.75	2-cell_detct_single_A10	2-cell_rep10
ERR1410212	GRCz11	2-cell	0.75	2-cell_detct_single_A11	2-cell_rep11
ERR1410213	GRCz11	2-cell	0.75	2-cell_detct_single_A12	2-cell_rep12
ERR1396938	GRCz11	128-cell	2.25	128-cell_detct_single_A1	128-cell_rep1
ERR1396939	GRCz11	128-cell	2.25	128-cell_detct_single_A2	128-cell_rep2
ERR1396940	GRCz11	128-cell	2.25	128-cell_detct_single_A3	128-cell_rep3
ERR1396941	GRCz11	128-cell	2.25	128-cell_detct_single_A4	128-cell_rep4
ERR1396942	GRCz11	128-cell	2.25	128-cell_detct_single_A5	128-cell_rep5
ERR1396943	GRCz11	128-cell	2.25	128-cell_detct_single_A6	128-cell_rep6
ERR1396944	GRCz11	128-cell	2.25	128-cell_detct_single_A7	128-cell_rep7
ERR1396945	GRCz11	128-cell	2.25	128-cell_detct_single_A8	128-cell_rep8
ERR1396946	GRCz11	128-cell	2.25	128-cell_detct_single_A9	128-cell_rep9
ERR1396947	GRCz11	128-cell	2.25	128-cell_detct_single_A10	128-cell_rep10
ERR1396948	GRCz11	128-cell	2.25	128-cell_detct_single_A11	128-cell_rep11
ERR1396949	GRCz11	128-cell	2.25	128-cell_detct_single_A12	128-cell_rep12
ERR1431975	GRCz11	1k-cell	3	1k-cell_detct_single_A1	1k-cell_rep1
ERR1431976	GRCz11	1k-cell	3	1k-cell_detct_single_A2	1k-cell_rep2
ERR1431977	GRCz11	1k-cell	3	1k-cell_detct_single_A3	1k-cell_rep3
ERR1431978	GRCz11	1k-cell	3	1k-cell_detct_single_A4	1k-cell_rep4
ERR1431979	GRCz11	1k-cell	3	1k-cell_detct_single_A5	1k-cell_rep5
ERR1431980	GRCz11	1k-cell	3	1k-cell_detct_single_A6	1k-cell_rep6
ERR1431981	GRCz11	1k-cell	3	1k-cell_detct_single_A7	1k-cell_rep7
ERR1431982	GRCz11	1k-cell	3	1k-cell_detct_single_A8	1k-cell_rep8
ERR1431983	GRCz11	1k-cell	3	1k-cell_detct_single_A9	1k-cell_rep9
ERR1431984	GRCz11	1k-cell	3	1k-cell_detct_single_A10	1k-cell_rep10
ERR1431985	GRCz11	1k-cell	3	1k-cell_detct_single_A11	1k-cell_rep11
ERR1431986	GRCz11	1k-cell	3	1k-cell_detct_single_A12	1k-cell_rep12
ERR1410178	GRCz11	Dome	4.3	Dome_detct_single_A1	Dome_rep1
ERR1410179	GRCz11	Dome	4.3	Dome_detct_single_A2	Dome_rep2
ERR1410180	GRCz11	Dome	4.3	Dome_detct_single_A3	Dome_rep3
ERR1410181	GRCz11	Dome	4.3	Dome_detct_single_A4	Dome_rep4
ERR1410182	GRCz11	Dome	4.3	Dome_detct_single_A5	Dome_rep5
ERR1410183	GRCz11	Dome	4.3	Dome_detct_single_A6	Dome_rep6
ERR1410184	GRCz11	Dome	4.3	Dome_detct_single_A7	Dome_rep7
ERR1410185	GRCz11	Dome	4.3	Dome_detct_single_A8	Dome_rep8
ERR1410186	GRCz11	Dome	4.3	Dome_detct_single_A9	Dome_rep9
ERR1410187	GRCz11	Dome	4.3	Dome_detct_single_A10	Dome_rep10
ERR1410188	GRCz11	Dome	4.3	Dome_detct_single_A11	Dome_rep11
ERR1410189	GRCz11	Dome	4.3	Dome_detct_single_A12	Dome_rep12
ERR1396842	GRCz11	50pc-epiboly	5.25	50pc-epiboly_detct_single_A1	50pc-epiboly_rep1
ERR1396843	GRCz11	50pc-epiboly	5.25	50pc-epiboly_detct_single_A2	50pc-epiboly_rep2
ERR1396844	GRCz11	50pc-epiboly	5.25	50pc-epiboly_detct_single_A3	50pc-epiboly_rep3
ERR1396845	GRCz11	50pc-epiboly	5.25	50pc-epiboly_detct_single_A4	50pc-epiboly_rep4
ERR1396846	GRCz11	50pc-epiboly	5.25	50pc-epiboly_detct_single_A5	50pc-epiboly_rep5
ERR1396847	GRCz11	50pc-epiboly	5.25	50pc-epiboly_detct_single_A6	50pc-epiboly_rep6
ERR1396848	GRCz11	50pc-epiboly	5.25	50pc-epiboly_detct_single_A7	50pc-epiboly_rep7
ERR1396849	GRCz11	50pc-epiboly	5.25	50pc-epiboly_detct_single_A8	50pc-epiboly_rep8
ERR1396850	GRCz11	50pc-epiboly	5.25	50pc-epiboly_detct_single_A9	50pc-epiboly_rep9
ERR1396851	GRCz11	50pc-epiboly	5.25	50pc-epiboly_detct_single_A10	50pc-epiboly_rep10
ERR1396852	GRCz11	50pc-epiboly	5.25	50pc-epiboly_detct_single_A11	50pc-epiboly_rep11
ERR1396853	GRCz11	50pc-epiboly	5.25	50pc-epiboly_detct_single_A12	50pc-epiboly_rep12
ERR1396986	GRCz11	Shield	6	Shield_detct_single_A1	Shield_rep1
ERR1396987	GRCz11	Shield	6	Shield_detct_single_A2	Shield_rep2
ERR1396988	GRCz11	Shield	6	Shield_detct_single_A3	Shield_rep3
ERR1396989	GRCz11	Shield	6	Shield_detct_single_A4	Shield_rep4
ERR1396990	GRCz11	Shield	6	Shield_detct_single_A5	Shield_rep5
ERR1396991	GRCz11	Shield	6	Shield_detct_single_A7	Shield_rep6
ERR1396992	GRCz11	Shield	6	Shield_detct_single_A8	Shield_rep7
ERR1396993	GRCz11	Shield	6	Shield_detct_single_A9	Shield_rep8
ERR1396994	GRCz11	Shield	6	Shield_detct_single_A10	Shield_rep9
ERR1396995	GRCz11	Shield	6	Shield_detct_single_A11	Shield_rep10
ERR1396996	GRCz11	Shield	6	Shield_detct_single_A12	Shield_rep11
ERR1396890	GRCz11	75pc-epiboly	8	75pc-epiboly_detct_single_A1	75pc-epiboly_rep1
ERR1396891	GRCz11	75pc-epiboly	8	75pc-epiboly_detct_single_A2	75pc-epiboly_rep2
ERR1396892	GRCz11	75pc-epiboly	8	75pc-epiboly_detct_single_A3	75pc-epiboly_rep3
ERR1396893	GRCz11	75pc-epiboly	8	75pc-epiboly_detct_single_A4	75pc-epiboly_rep4
ERR1396894	GRCz11	75pc-epiboly	8	75pc-epiboly_detct_single_A5	75pc-epiboly_rep5
ERR1396895	GRCz11	75pc-epiboly	8	75pc-epiboly_detct_single_A6	75pc-epiboly_rep6
ERR1396896	GRCz11	75pc-epiboly	8	75pc-epiboly_detct_single_A7	75pc-epiboly_rep7
ERR1396897	GRCz11	75pc-epiboly	8	75pc-epiboly_detct_single_A8	75pc-epiboly_rep8
ERR1396898	GRCz11	75pc-epiboly	8	75pc-epiboly_detct_single_A9	75pc-epiboly_rep9
ERR1396899	GRCz11	75pc-epiboly	8	75pc-epiboly_detct_single_A10	75pc-epiboly_rep10
ERR1396900	GRCz11	75pc-epiboly	8	75pc-epiboly_detct_single_A11	75pc-epiboly_rep11
ERR1396901	GRCz11	75pc-epiboly	8	75pc-epiboly_detct_single_A12	75pc-epiboly_rep12
ERR1396962	GRCz11	1-4-somites	10.3	1-4-somites_detct_single_A1	1-4-somites_rep1
ERR1396963	GRCz11	1-4-somites	10.3	1-4-somites_detct_single_A2	1-4-somites_rep2
ERR1396964	GRCz11	1-4-somites	10.3	1-4-somites_detct_single_A3	1-4-somites_rep3
ERR1396965	GRCz11	1-4-somites	10.3	1-4-somites_detct_single_A4	1-4-somites_rep4
ERR1396966	GRCz11	1-4-somites	10.3	1-4-somites_detct_single_A5	1-4-somites_rep5
ERR1396967	GRCz11	1-4-somites	10.3	1-4-somites_detct_single_A6	1-4-somites_rep6
ERR1396968	GRCz11	1-4-somites	10.3	1-4-somites_detct_single_A7	1-4-somites_rep7
ERR1396969	GRCz11	1-4-somites	10.3	1-4-somites_detct_single_A8	1-4-somites_rep8
ERR1396970	GRCz11	1-4-somites	10.3	1-4-somites_detct_single_A9	1-4-somites_rep9
ERR1396971	GRCz11	1-4-somites	10.3	1-4-somites_detct_single_A10	1-4-somites_rep10
ERR1396972	GRCz11	1-4-somites	10.3	1-4-somites_detct_single_A11	1-4-somites_rep11
ERR1396973	GRCz11	1-4-somites	10.3	1-4-somites_detct_single_A12	1-4-somites_rep12
ERR1431999	GRCz11	14-19-somites	16	14-19-somites_detct_single_A1	14-19-somites_rep1
ERR1432000	GRCz11	14-19-somites	16	14-19-somites_detct_single_A2	14-19-somites_rep2
ERR1432001	GRCz11	14-19-somites	16	14-19-somites_detct_single_A3	14-19-somites_rep3
ERR1432002	GRCz11	14-19-somites	16	14-19-somites_detct_single_A4	14-19-somites_rep4
ERR1432003	GRCz11	14-19-somites	16	14-19-somites_detct_single_A5	14-19-somites_rep5
ERR1432004	GRCz11	14-19-somites	16	14-19-somites_detct_single_A6	14-19-somites_rep6
ERR1432005	GRCz11	14-19-somites	16	14-19-somites_detct_single_A7	14-19-somites_rep7
ERR1432006	GRCz11	14-19-somites	16	14-19-somites_detct_single_A8	14-19-somites_rep8
ERR1432007	GRCz11	14-19-somites	16	14-19-somites_detct_single_A9	14-19-somites_rep9
ERR1432008	GRCz11	14-19-somites	16	14-19-somites_detct_single_A10	14-19-somites_rep10
ERR1432009	GRCz11	14-19-somites	16	14-19-somites_detct_single_A11	14-19-somites_rep11
ERR1432010	GRCz11	14-19-somites	16	14-19-somites_detct_single_A12	14-19-somites_rep12
ERR1396914	GRCz11	20-25-somites	19	20-25-somites_detct_single_A1	20-25-somites_rep1
ERR1396915	GRCz11	20-25-somites	19	20-25-somites_detct_single_A2	20-25-somites_rep2
ERR1396916	GRCz11	20-25-somites	19	20-25-somites_detct_single_A3	20-25-somites_rep3
ERR1396917	GRCz11	20-25-somites	19	20-25-somites_detct_single_A4	20-25-somites_rep4
ERR1396918	GRCz11	20-25-somites	19	20-25-somites_detct_single_A5	20-25-somites_rep5
ERR1396919	GRCz11	20-25-somites	19	20-25-somites_detct_single_A6	20-25-somites_rep6
ERR1396920	GRCz11	20-25-somites	19	20-25-somites_detct_single_A7	20-25-somites_rep7
ERR1396921	GRCz11	20-25-somites	19	20-25-somites_detct_single_A8	20-25-somites_rep8
ERR1396922	GRCz11	20-25-somites	19	20-25-somites_detct_single_A9	20-25-somites_rep9
ERR1396923	GRCz11	20-25-somites	19	20-25-somites_detct_single_A10	20-25-somites_rep10
ERR1396924	GRCz11	20-25-somites	19	20-25-somites_detct_single_A11	20-25-somites_rep11
ERR1396925	GRCz11	20-25-somites	19	20-25-somites_detct_single_A12	20-25-somites_rep12
ERR738211	GRCz11	Prim-5	24	Prim-5_detct_single_E1	Prim-5_rep1
ERR738257	GRCz11	Prim-5	24	Prim-5_detct_single_E1	Prim-5_rep2
ERR738212	GRCz11	Prim-5	24	Prim-5_detct_single_E2	Prim-5_rep3
ERR738258	GRCz11	Prim-5	24	Prim-5_detct_single_E2	Prim-5_rep4
ERR738213	GRCz11	Prim-5	24	Prim-5_detct_single_E3	Prim-5_rep5
ERR738259	GRCz11	Prim-5	24	Prim-5_detct_single_E3	Prim-5_rep6
ERR738214	GRCz11	Prim-5	24	Prim-5_detct_single_E4	Prim-5_rep7
ERR738260	GRCz11	Prim-5	24	Prim-5_detct_single_E4	Prim-5_rep8
ERR738215	GRCz11	Prim-5	24	Prim-5_detct_single_E5	Prim-5_rep9
ERR738261	GRCz11	Prim-5	24	Prim-5_detct_single_E5	Prim-5_rep10
ERR738216	GRCz11	Prim-5	24	Prim-5_detct_single_E6	Prim-5_rep11
ERR738262	GRCz11	Prim-5	24	Prim-5_detct_single_E6	Prim-5_rep12
ERR738217	GRCz11	Prim-5	24	Prim-5_detct_single_E7	Prim-5_rep13
ERR738263	GRCz11	Prim-5	24	Prim-5_detct_single_E7	Prim-5_rep14
ERR738218	GRCz11	Prim-5	24	Prim-5_detct_single_E8	Prim-5_rep15
ERR738264	GRCz11	Prim-5	24	Prim-5_detct_single_E8	Prim-5_rep16
ERR738219	GRCz11	Prim-5	24	Prim-5_detct_single_E9	Prim-5_rep17
ERR738265	GRCz11	Prim-5	24	Prim-5_detct_single_E9	Prim-5_rep18
ERR738220	GRCz11	Prim-5	24	Prim-5_detct_single_E10	Prim-5_rep19
ERR738266	GRCz11	Prim-5	24	Prim-5_detct_single_E10	Prim-5_rep20
ERR738221	GRCz11	Prim-5	24	Prim-5_detct_single_E11	Prim-5_rep21
ERR738267	GRCz11	Prim-5	24	Prim-5_detct_single_E11	Prim-5_rep22
ERR738222	GRCz11	Prim-5	24	Prim-5_detct_single_E12	Prim-5_rep23
ERR738268	GRCz11	Prim-5	24	Prim-5_detct_single_E12	Prim-5_rep24
ERR738234	GRCz11	Prim-15	30	Prim-15_detct_single_B1	Prim-15_rep1
ERR738280	GRCz11	Prim-15	30	Prim-15_detct_single_B1	Prim-15_rep2
ERR738235	GRCz11	Prim-15	30	Prim-15_detct_single_B2	Prim-15_rep3
ERR738281	GRCz11	Prim-15	30	Prim-15_detct_single_B2	Prim-15_rep4
ERR738236	GRCz11	Prim-15	30	Prim-15_detct_single_B3	Prim-15_rep5
ERR738282	GRCz11	Prim-15	30	Prim-15_detct_single_B3	Prim-15_rep6
ERR738237	GRCz11	Prim-15	30	Prim-15_detct_single_B4	Prim-15_rep7
ERR738283	GRCz11	Prim-15	30	Prim-15_detct_single_B4	Prim-15_rep8
ERR738238	GRCz11	Prim-15	30	Prim-15_detct_single_B5	Prim-15_rep9
ERR738284	GRCz11	Prim-15	30	Prim-15_detct_single_B5	Prim-15_rep10
ERR738239	GRCz11	Prim-15	30	Prim-15_detct_single_B6	Prim-15_rep11
ERR738285	GRCz11	Prim-15	30	Prim-15_detct_single_B6	Prim-15_rep12
ERR738240	GRCz11	Prim-15	30	Prim-15_detct_single_B7	Prim-15_rep13
ERR738286	GRCz11	Prim-15	30	Prim-15_detct_single_B7	Prim-15_rep14
ERR738241	GRCz11	Prim-15	30	Prim-15_detct_single_B8	Prim-15_rep15
ERR738287	GRCz11	Prim-15	30	Prim-15_detct_single_B8	Prim-15_rep16
ERR738242	GRCz11	Prim-15	30	Prim-15_detct_single_B9	Prim-15_rep17
ERR738288	GRCz11	Prim-15	30	Prim-15_detct_single_B9	Prim-15_rep18
ERR738243	GRCz11	Prim-15	30	Prim-15_detct_single_B10	Prim-15_rep19
ERR738289	GRCz11	Prim-15	30	Prim-15_detct_single_B10	Prim-15_rep20
ERR738244	GRCz11	Prim-15	30	Prim-15_detct_single_B11	Prim-15_rep21
ERR738290	GRCz11	Prim-15	30	Prim-15_detct_single_B11	Prim-15_rep22
ERR738245	GRCz11	Prim-15	30	Prim-15_detct_single_B12	Prim-15_rep23
ERR738291	GRCz11	Prim-15	30	Prim-15_detct_single_B12	Prim-15_rep24
ERR1396866	GRCz11	Prim-25	36	Prim-25_detct_single_A1	Prim-25_rep1
ERR1396867	GRCz11	Prim-25	36	Prim-25_detct_single_A2	Prim-25_rep2
ERR1396868	GRCz11	Prim-25	36	Prim-25_detct_single_A3	Prim-25_rep3
ERR1396869	GRCz11	Prim-25	36	Prim-25_detct_single_A4	Prim-25_rep4
ERR1396870	GRCz11	Prim-25	36	Prim-25_detct_single_A5	Prim-25_rep5
ERR1396871	GRCz11	Prim-25	36	Prim-25_detct_single_A6	Prim-25_rep6
ERR1396872	GRCz11	Prim-25	36	Prim-25_detct_single_A7	Prim-25_rep7
ERR1396873	GRCz11	Prim-25	36	Prim-25_detct_single_A8	Prim-25_rep8
ERR1396874	GRCz11	Prim-25	36	Prim-25_detct_single_A9	Prim-25_rep9
ERR1396875	GRCz11	Prim-25	36	Prim-25_detct_single_A10	Prim-25_rep10
ERR1396876	GRCz11	Prim-25	36	Prim-25_detct_single_A11	Prim-25_rep11
ERR1396877	GRCz11	Prim-25	36	Prim-25_detct_single_A12	Prim-25_rep12
ERR755671	GRCz11	Long-pec	48	Long-pec_detct_single_G1	Long-pec_rep1
ERR759356	GRCz11	Long-pec	48	Long-pec_detct_single_G1	Long-pec_rep2
ERR755672	GRCz11	Long-pec	48	Long-pec_detct_single_G2	Long-pec_rep3
ERR759357	GRCz11	Long-pec	48	Long-pec_detct_single_G2	Long-pec_rep4
ERR755673	GRCz11	Long-pec	48	Long-pec_detct_single_G3	Long-pec_rep5
ERR759358	GRCz11	Long-pec	48	Long-pec_detct_single_G3	Long-pec_rep6
ERR755674	GRCz11	Long-pec	48	Long-pec_detct_single_G4	Long-pec_rep7
ERR759359	GRCz11	Long-pec	48	Long-pec_detct_single_G4	Long-pec_rep8
ERR755675	GRCz11	Long-pec	48	Long-pec_detct_single_G5	Long-pec_rep9
ERR759360	GRCz11	Long-pec	48	Long-pec_detct_single_G5	Long-pec_rep10
ERR755676	GRCz11	Long-pec	48	Long-pec_detct_single_G6	Long-pec_rep11
ERR757851	GRCz11	Long-pec	48	Long-pec_detct_single_G6	Long-pec_rep12
ERR755677	GRCz11	Long-pec	48	Long-pec_detct_single_G7	Long-pec_rep13
ERR757852	GRCz11	Long-pec	48	Long-pec_detct_single_G7	Long-pec_rep14
ERR755678	GRCz11	Long-pec	48	Long-pec_detct_single_G8	Long-pec_rep15
ERR759361	GRCz11	Long-pec	48	Long-pec_detct_single_G8	Long-pec_rep16
ERR755679	GRCz11	Long-pec	48	Long-pec_detct_single_G9	Long-pec_rep17
ERR759362	GRCz11	Long-pec	48	Long-pec_detct_single_G9	Long-pec_rep18
ERR755680	GRCz11	Long-pec	48	Long-pec_detct_single_G10	Long-pec_rep19
ERR759363	GRCz11	Long-pec	48	Long-pec_detct_single_G10	Long-pec_rep20
ERR755681	GRCz11	Long-pec	48	Long-pec_detct_single_G11	Long-pec_rep21
ERR759364	GRCz11	Long-pec	48	Long-pec_detct_single_G11	Long-pec_rep22
ERR755682	GRCz11	Long-pec	48	Long-pec_detct_single_G12	Long-pec_rep23
ERR759365	GRCz11	Long-pec	48	Long-pec_detct_single_G12	Long-pec_rep24
ERR755694	GRCz11	Protruding-mouth	72	Protruding-mouth_detct_single_F1	Protruding-mouth_rep1
ERR759376	GRCz11	Protruding-mouth	72	Protruding-mouth_detct_single_F1	Protruding-mouth_rep2
ERR755695	GRCz11	Protruding-mouth	72	Protruding-mouth_detct_single_F2	Protruding-mouth_rep3
ERR759377	GRCz11	Protruding-mouth	72	Protruding-mouth_detct_single_F2	Protruding-mouth_rep4
ERR755696	GRCz11	Protruding-mouth	72	Protruding-mouth_detct_single_F3	Protruding-mouth_rep5
ERR759378	GRCz11	Protruding-mouth	72	Protruding-mouth_detct_single_F3	Protruding-mouth_rep6
ERR755697	GRCz11	Protruding-mouth	72	Protruding-mouth_detct_single_F4	Protruding-mouth_rep7
ERR759379	GRCz11	Protruding-mouth	72	Protruding-mouth_detct_single_F4	Protruding-mouth_rep8
ERR755698	GRCz11	Protruding-mouth	72	Protruding-mouth_detct_single_F5	Protruding-mouth_rep9
ERR757854	GRCz11	Protruding-mouth	72	Protruding-mouth_detct_single_F5	Protruding-mouth_rep10
ERR755699	GRCz11	Protruding-mouth	72	Protruding-mouth_detct_single_F6	Protruding-mouth_rep11
ERR759380	GRCz11	Protruding-mouth	72	Protruding-mouth_detct_single_F6	Protruding-mouth_rep12
ERR755700	GRCz11	Protruding-mouth	72	Protruding-mouth_detct_single_F7	Protruding-mouth_rep13
ERR757855	GRCz11	Protruding-mouth	72	Protruding-mouth_detct_single_F7	Protruding-mouth_rep14
ERR755701	GRCz11	Protruding-mouth	72	Protruding-mouth_detct_single_F8	Protruding-mouth_rep15
ERR759381	GRCz11	Protruding-mouth	72	Protruding-mouth_detct_single_F8	Protruding-mouth_rep16
ERR755702	GRCz11	Protruding-mouth	72	Protruding-mouth_detct_single_F9	Protruding-mouth_rep17
ERR759382	GRCz11	Protruding-mouth	72	Protruding-mouth_detct_single_F9	Protruding-mouth_rep18
ERR755703	GRCz11	Protruding-mouth	72	Protruding-mouth_detct_single_F10	Protruding-mouth_rep19
ERR759383	GRCz11	Protruding-mouth	72	Protruding-mouth_detct_single_F10	Protruding-mouth_rep20
ERR755704	GRCz11	Protruding-mouth	72	Protruding-mouth_detct_single_F11	Protruding-mouth_rep21
ERR759384	GRCz11	Protruding-mouth	72	Protruding-mouth_detct_single_F11	Protruding-mouth_rep22
ERR755705	GRCz11	Protruding-mouth	72	Protruding-mouth_detct_single_F12	Protruding-mouth_rep23
ERR759385	GRCz11	Protruding-mouth	72	Protruding-mouth_detct_single_F12	Protruding-mouth_rep24
ERR830274	GRCz11	Day-4	96	Day-4_detct_single_G1	Day-4_rep1
ERR830320	GRCz11	Day-4	96	Day-4_detct_single_G1	Day-4_rep2
ERR830275	GRCz11	Day-4	96	Day-4_detct_single_G2	Day-4_rep3
ERR830321	GRCz11	Day-4	96	Day-4_detct_single_G2	Day-4_rep4
ERR830276	GRCz11	Day-4	96	Day-4_detct_single_G3	Day-4_rep5
ERR830322	GRCz11	Day-4	96	Day-4_detct_single_G3	Day-4_rep6
ERR830277	GRCz11	Day-4	96	Day-4_detct_single_G4	Day-4_rep7
ERR830323	GRCz11	Day-4	96	Day-4_detct_single_G4	Day-4_rep8
ERR830278	GRCz11	Day-4	96	Day-4_detct_single_G5	Day-4_rep9
ERR830324	GRCz11	Day-4	96	Day-4_detct_single_G5	Day-4_rep10
ERR830279	GRCz11	Day-4	96	Day-4_detct_single_G6	Day-4_rep11
ERR830325	GRCz11	Day-4	96	Day-4_detct_single_G6	Day-4_rep12
ERR830280	GRCz11	Day-4	96	Day-4_detct_single_G7	Day-4_rep13
ERR830326	GRCz11	Day-4	96	Day-4_detct_single_G7	Day-4_rep14
ERR830281	GRCz11	Day-4	96	Day-4_detct_single_G8	Day-4_rep15
ERR830327	GRCz11	Day-4	96	Day-4_detct_single_G8	Day-4_rep16
ERR830282	GRCz11	Day-4	96	Day-4_detct_single_G9	Day-4_rep17
ERR830328	GRCz11	Day-4	96	Day-4_detct_single_G9	Day-4_rep18
ERR830283	GRCz11	Day-4	96	Day-4_detct_single_G10	Day-4_rep19
ERR830329	GRCz11	Day-4	96	Day-4_detct_single_G10	Day-4_rep20
ERR830284	GRCz11	Day-4	96	Day-4_detct_single_G11	Day-4_rep21
ERR830330	GRCz11	Day-4	96	Day-4_detct_single_G11	Day-4_rep22
ERR830285	GRCz11	Day-4	96	Day-4_detct_single_G12	Day-4_rep23
ERR830331	GRCz11	Day-4	96	Day-4_detct_single_G12	Day-4_rep24
ERR830297	GRCz11	Day-5	120	Day-5_detct_single_E1	Day-5_rep1
ERR830343	GRCz11	Day-5	120	Day-5_detct_single_E1	Day-5_rep2
ERR830298	GRCz11	Day-5	120	Day-5_detct_single_E2	Day-5_rep3
ERR830344	GRCz11	Day-5	120	Day-5_detct_single_E2	Day-5_rep4
ERR830299	GRCz11	Day-5	120	Day-5_detct_single_E3	Day-5_rep5
ERR830345	GRCz11	Day-5	120	Day-5_detct_single_E3	Day-5_rep6
ERR830300	GRCz11	Day-5	120	Day-5_detct_single_E4	Day-5_rep7
ERR830346	GRCz11	Day-5	120	Day-5_detct_single_E4	Day-5_rep8
ERR830301	GRCz11	Day-5	120	Day-5_detct_single_E5	Day-5_rep9
ERR830347	GRCz11	Day-5	120	Day-5_detct_single_E5	Day-5_rep10
ERR830302	GRCz11	Day-5	120	Day-5_detct_single_E6	Day-5_rep11
ERR830348	GRCz11	Day-5	120	Day-5_detct_single_E6	Day-5_rep12
ERR830303	GRCz11	Day-5	120	Day-5_detct_single_E7	Day-5_rep13
ERR830349	GRCz11	Day-5	120	Day-5_detct_single_E7	Day-5_rep14
ERR830304	GRCz11	Day-5	120	Day-5_detct_single_E8	Day-5_rep15
ERR830350	GRCz11	Day-5	120	Day-5_detct_single_E8	Day-5_rep16
ERR830305	GRCz11	Day-5	120	Day-5_detct_single_E9	Day-5_rep17
ERR830351	GRCz11	Day-5	120	Day-5_detct_single_E9	Day-5_rep18
ERR830306	GRCz11	Day-5	120	Day-5_detct_single_E10	Day-5_rep19
ERR830352	GRCz11	Day-5	120	Day-5_detct_single_E10	Day-5_rep20
ERR830307	GRCz11	Day-5	120	Day-5_detct_single_E11	Day-5_rep21
ERR830353	GRCz11	Day-5	120	Day-5_detct_single_E11	Day-5_rep22
ERR830308	GRCz11	Day-5	120	Day-5_detct_single_E12	Day-5_rep23
ERR830354	GRCz11	Day-5	120	Day-5_detct_single_E12	Day-5_rep24
GSM3672579	BDGP6.32	2-3_hpf	2-3		embryo2-3h_E1_1_D2
GSM3672580	BDGP6.32	2-3_hpf	2-3		embryo2-3h_E1_1_C6
GSM3672581	BDGP6.32	2-3_hpf	2-3		embryo2-3h_E1_1_B12
GSM3672582	BDGP6.32	2-3_hpf	2-3		embryo2-3h_E1_1_D4
GSM3672583	BDGP6.32	2-3_hpf	2-3		embryo2-3h_E1_1_A2
GSM3672584	BDGP6.32	2-3_hpf	2-3		embryo2-3h_E1_1_D12
GSM3672585	BDGP6.32	2-3_hpf	2-3		embryo2-3h_E1_2_E10
GSM3672586	BDGP6.32	2-3_hpf	2-3		embryo2-3h_E1_2_H5
GSM3672587	BDGP6.32	2-3_hpf	2-3		embryo2-3h_E1_2_F3
GSM3672588	BDGP6.32	2-3_hpf	2-3		embryo2-3h_E1_2_F2
GSM3672589	BDGP6.32	2-3_hpf	2-3		embryo2-3h_E1_2_H8
GSM3672590	BDGP6.32	2-3_hpf	2-3		embryo2-3h_E1_2_H11
GSM3672591	BDGP6.32	2-3_hpf	2-3		embryo2-3h_E1_2_G10
GSM3672592	BDGP6.32	2-3_hpf	2-3		embryo2-3h_E1_2_F7
GSM3672593	BDGP6.32	2-3_hpf	2-3		embryo2-3h_E2_B6
GSM3672594	BDGP6.32	2-3_hpf	2-3		embryo2-3h_E2_E11
GSM3672595	BDGP6.32	2-3_hpf	2-3		embryo2-3h_E2_D10
GSM3672596	BDGP6.32	2-3_hpf	2-3		embryo2-3h_E2_D6
GSM3672597	BDGP6.32	2-3_hpf	2-3		embryo2-3h_E2_H1
GSM3672598	BDGP6.32	2-3_hpf	2-3		embryo2-3h_E2_E10
GSM3672599	BDGP6.32	2-3_hpf	2-3		embryo2-3h_E2_D2
GSM3672600	BDGP6.32	2-3_hpf	2-3		embryo2-3h_E2_E1
GSM3672601	BDGP6.32	2-3_hpf	2-3		embryo2-3h_E2_C12
GSM3672602	BDGP6.32	2-3_hpf	2-3		embryo2-3h_E2_H11
GSM3672603	BDGP6.32	2-3_hpf	2-3		embryo2-3h_E3_C9
GSM3672604	BDGP6.32	2-3_hpf	2-3		embryo2-3h_E3_F4
GSM3672605	BDGP6.32	2-3_hpf	2-3		embryo2-3h_E3_A12
GSM3672606	BDGP6.32	2-3_hpf	2-3		embryo2-3h_E3_C1
GSM3672607	BDGP6.32	2-3_hpf	2-3		embryo2-3h_E3_A10
GSM3672608	BDGP6.32	2-3_hpf	2-3		embryo2-3h_E3_D3
GSM3672609	BDGP6.32	2-3_hpf	2-3		embryo2-3h_E3_G12
GSM3672610	BDGP6.32	2-3_hpf	2-3		embryo2-3h_E3_C8
GSM3672611	BDGP6.32	2-3_hpf	2-3		embryo2-3h_E3_A7
GSM3672612	BDGP6.32	2-3_hpf	2-3		embryo2-3h_E3_A8
GSM3672613	BDGP6.32	2-3_hpf	2-3		embryo2-3h_E3_B2
GSM3672614	BDGP6.32	2-3_hpf	2-3		embryo2-3h_E3_F5
GSM3672615	BDGP6.32	2-3_hpf	2-3		embryo2-3h_E3_H9
GSM3672616	BDGP6.32	2-3_hpf	2-3		embryo2-3h_E3_G4
GSM3672617	BDGP6.32	2-3_hpf	2-3		embryo2-3h_E3_F11
GSM3672618	BDGP6.32	5-6_hpf	5-6		embryo5-6h_E1_1_D9
GSM3672619	BDGP6.32	5-6_hpf	5-6		embryo5-6h_E1_1_B7
GSM3672620	BDGP6.32	5-6_hpf	5-6		embryo5-6h_E1_1_D10
GSM3672621	BDGP6.32	5-6_hpf	5-6		embryo5-6h_E1_1_B10
GSM3672622	BDGP6.32	5-6_hpf	5-6		embryo5-6h_E1_1_C10
GSM3672623	BDGP6.32	5-6_hpf	5-6		embryo5-6h_E1_2_E2
GSM3672624	BDGP6.32	5-6_hpf	5-6		embryo5-6h_E1_2_G11
GSM3672625	BDGP6.32	5-6_hpf	5-6		embryo5-6h_E1_2_E6
GSM3672626	BDGP6.32	5-6_hpf	5-6		embryo5-6h_E1_2_H7
GSM3672627	BDGP6.32	5-6_hpf	5-6		embryo5-6h_E2_G9
GSM3672628	BDGP6.32	5-6_hpf	5-6		embryo5-6h_E2_B8
GSM3672629	BDGP6.32	5-6_hpf	5-6		embryo5-6h_E2_B3
GSM3672630	BDGP6.32	5-6_hpf	5-6		embryo5-6h_E2_A9
GSM3672631	BDGP6.32	5-6_hpf	5-6		embryo5-6h_E2_D7
GSM3672632	BDGP6.32	5-6_hpf	5-6		embryo5-6h_E2_A11
GSM3672633	BDGP6.32	5-6_hpf	5-6		embryo5-6h_E2_D9
GSM3672634	BDGP6.32	5-6_hpf	5-6		embryo5-6h_E2_A4
GSM3672635	BDGP6.32	5-6_hpf	5-6		embryo5-6h_E2_B7
GSM3672636	BDGP6.32	5-6_hpf	5-6		embryo5-6h_E2_A7
GSM3672637	BDGP6.32	5-6_hpf	5-6		embryo5-6h_E2_F10
GSM3672638	BDGP6.32	5-6_hpf	5-6		embryo5-6h_E2_G4
GSM3672639	BDGP6.32	5-6_hpf	5-6		embryo5-6h_E2_H8
GSM3672640	BDGP6.32	5-6_hpf	5-6		embryo5-6h_E2_H7
GSM3672641	BDGP6.32	5-6_hpf	5-6		embryo5-6h_E2_A3
GSM3672642	BDGP6.32	5-6_hpf	5-6		embryo5-6h_E2_E12
GSM3672643	BDGP6.32	5-6_hpf	5-6		embryo5-6h_E3_D1
GSM3672644	BDGP6.32	5-6_hpf	5-6		embryo5-6h_E3_D6
GSM3672645	BDGP6.32	5-6_hpf	5-6		embryo5-6h_E3_G2
GSM3672646	BDGP6.32	5-6_hpf	5-6		embryo5-6h_E3_B9
GSM3672647	BDGP6.32	5-6_hpf	5-6		embryo5-6h_E3_G7
GSM3672648	BDGP6.32	5-6_hpf	5-6		embryo5-6h_E3_A2
GSM3672649	BDGP6.32	5-6_hpf	5-6		embryo5-6h_E3_D5
GSM3672650	BDGP6.32	5-6_hpf	5-6		embryo5-6h_E3_H10
GSM3672651	BDGP6.32	5-6_hpf	5-6		embryo5-6h_E3_E4
GSM3672652	BDGP6.32	5-6_hpf	5-6		embryo5-6h_E3_B1
GSM3672653	BDGP6.32	5-6_hpf	5-6		embryo5-6h_E3_G3
GSM3672654	BDGP6.32	5-6_hpf	5-6		embryo5-6h_E3_D4
GSM3672655	BDGP6.32	5-6_hpf	5-6		embryo5-6h_E3_F12
GSM3672656	BDGP6.32	8-9_hpf	8-9		embryo8-9h_E1_1_D5
GSM3672657	BDGP6.32	8-9_hpf	8-9		embryo8-9h_E1_1_C3
GSM3672658	BDGP6.32	8-9_hpf	8-9		embryo8-9h_E1_1_C8
GSM3672659	BDGP6.32	8-9_hpf	8-9		embryo8-9h_E1_1_B8
GSM3672660	BDGP6.32	8-9_hpf	8-9		embryo8-9h_E1_1_A12
GSM3672661	BDGP6.32	8-9_hpf	8-9		embryo8-9h_E1_1_D7
GSM3672662	BDGP6.32	8-9_hpf	8-9		embryo8-9h_E1_1_B9
GSM3672663	BDGP6.32	8-9_hpf	8-9		embryo8-9h_E1_1_C11
GSM3672664	BDGP6.32	8-9_hpf	8-9		embryo8-9h_E1_1_C4
GSM3672665	BDGP6.32	8-9_hpf	8-9		embryo8-9h_E1_1_A3
GSM3672666	BDGP6.32	8-9_hpf	8-9		embryo8-9h_E1_1_C5
GSM3672667	BDGP6.32	8-9_hpf	8-9		embryo8-9h_E1_2_H10
GSM3672668	BDGP6.32	8-9_hpf	8-9		embryo8-9h_E1_2_E9
GSM3672669	BDGP6.32	8-9_hpf	8-9		embryo8-9h_E1_2_E1
GSM3672670	BDGP6.32	8-9_hpf	8-9		embryo8-9h_E1_2_H4
GSM3672671	BDGP6.32	8-9_hpf	8-9		embryo8-9h_E1_2_H9
GSM3672672	BDGP6.32	8-9_hpf	8-9		embryo8-9h_E1_2_G5
GSM3672673	BDGP6.32	8-9_hpf	8-9		embryo8-9h_E1_2_H12
GSM3672674	BDGP6.32	8-9_hpf	8-9		embryo8-9h_E1_2_G7
GSM3672675	BDGP6.32	8-9_hpf	8-9		embryo8-9h_E1_2_F8
GSM3672676	BDGP6.32	8-9_hpf	8-9		embryo8-9h_E2_A10
GSM3672677	BDGP6.32	8-9_hpf	8-9		embryo8-9h_E2_G5
GSM3672678	BDGP6.32	8-9_hpf	8-9		embryo8-9h_E2_H12
GSM3672679	BDGP6.32	8-9_hpf	8-9		embryo8-9h_E2_C10
GSM3672680	BDGP6.32	8-9_hpf	8-9		embryo8-9h_E2_E7
GSM3672681	BDGP6.32	8-9_hpf	8-9		embryo8-9h_E2_E4
GSM3672682	BDGP6.32	8-9_hpf	8-9		embryo8-9h_E2_B2
GSM3672683	BDGP6.32	8-9_hpf	8-9		embryo8-9h_E2_H9
GSM3672684	BDGP6.32	8-9_hpf	8-9		embryo8-9h_E2_F2
GSM3672685	BDGP6.32	8-9_hpf	8-9		embryo8-9h_E2_D4
GSM3672686	BDGP6.32	8-9_hpf	8-9		embryo8-9h_E2_A6
GSM3672687	BDGP6.32	8-9_hpf	8-9		embryo8-9h_E3_B3
GSM3672688	BDGP6.32	8-9_hpf	8-9		embryo8-9h_E3_D7
GSM3672689	BDGP6.32	8-9_hpf	8-9		embryo8-9h_E3_F8
GSM3672690	BDGP6.32	8-9_hpf	8-9		embryo8-9h_E3_H1
GSM3672691	BDGP6.32	8-9_hpf	8-9		embryo8-9h_E3_E12
GSM3672692	BDGP6.32	11-12_hpf	11-12		embryo11-12h_E1_1_D1
GSM3672693	BDGP6.32	11-12_hpf	11-12		embryo11-12h_E1_1_C9
GSM3672694	BDGP6.32	11-12_hpf	11-12		embryo11-12h_E1_1_A4
GSM3672695	BDGP6.32	11-12_hpf	11-12		embryo11-12h_E1_1_A7
GSM3672696	BDGP6.32	11-12_hpf	11-12		embryo11-12h_E1_1_D6
GSM3672697	BDGP6.32	11-12_hpf	11-12		embryo11-12h_E1_1_B5
GSM3672698	BDGP6.32	11-12_hpf	11-12		embryo11-12h_E1_1_C7
GSM3672699	BDGP6.32	11-12_hpf	11-12		embryo11-12h_E1_1_A5
GSM3672700	BDGP6.32	11-12_hpf	11-12		embryo11-12h_E1_1_A6
GSM3672701	BDGP6.32	11-12_hpf	11-12		embryo11-12h_E1_1_A1
GSM3672702	BDGP6.32	11-12_hpf	11-12		embryo11-12h_E1_1_A11
GSM3672703	BDGP6.32	11-12_hpf	11-12		embryo11-12h_E1_2_E8
GSM3672704	BDGP6.32	11-12_hpf	11-12		embryo11-12h_E1_2_E5
GSM3672705	BDGP6.32	11-12_hpf	11-12		embryo11-12h_E1_2_F6
GSM3672706	BDGP6.32	11-12_hpf	11-12		embryo11-12h_E2_H2
GSM3672707	BDGP6.32	11-12_hpf	11-12		embryo11-12h_E2_B9
GSM3672708	BDGP6.32	11-12_hpf	11-12		embryo11-12h_E2_B10
GSM3672709	BDGP6.32	11-12_hpf	11-12		embryo11-12h_E2_A8
GSM3672710	BDGP6.32	11-12_hpf	11-12		embryo11-12h_E2_F11
GSM3672711	BDGP6.32	11-12_hpf	11-12		embryo11-12h_E2_F12
GSM3672712	BDGP6.32	11-12_hpf	11-12		embryo11-12h_E2_G10
GSM3672713	BDGP6.32	11-12_hpf	11-12		embryo11-12h_E2_B4
GSM3672714	BDGP6.32	11-12_hpf	11-12		embryo11-12h_E3_B8
GSM3672715	BDGP6.32	11-12_hpf	11-12		embryo11-12h_E3_A9
GSM3672716	BDGP6.32	11-12_hpf	11-12		embryo11-12h_E3_F3
GSM3672717	BDGP6.32	11-12_hpf	11-12		embryo11-12h_E3_A1
GSM3672718	BDGP6.32	11-12_hpf	11-12		embryo11-12h_E3_C5
GSM3672719	BDGP6.32	11-12_hpf	11-12		embryo11-12h_E3_F7
GSM3672720	BDGP6.32	11-12_hpf	11-12		embryo11-12h_E3_B11
GSM3672721	BDGP6.32	11-12_hpf	11-12		embryo11-12h_E3_H4
GSM3672722	BDGP6.32	11-12_hpf	11-12		embryo11-12h_E3_F1
GSM3672723	BDGP6.32	14-15_hpf	14-15		embryo14-15h_E1_1_D8
GSM3672724	BDGP6.32	14-15_hpf	14-15		embryo14-15h_E1_1_B11
GSM3672725	BDGP6.32	14-15_hpf	14-15		embryo14-15h_E1_1_B1
GSM3672726	BDGP6.32	14-15_hpf	14-15		embryo14-15h_E1_1_A8
GSM3672727	BDGP6.32	14-15_hpf	14-15		embryo14-15h_E1_1_A9
GSM3672728	BDGP6.32	14-15_hpf	14-15		embryo14-15h_E1_1_C12
GSM3672729	BDGP6.32	14-15_hpf	14-15		embryo14-15h_E1_1_D11
GSM3672730	BDGP6.32	14-15_hpf	14-15		embryo14-15h_E1_1_B4
GSM3672731	BDGP6.32	14-15_hpf	14-15		embryo14-15h_E1_2_G1
GSM3672732	BDGP6.32	14-15_hpf	14-15		embryo14-15h_E1_2_E4
GSM3672733	BDGP6.32	14-15_hpf	14-15		embryo14-15h_E1_2_F10
GSM3672734	BDGP6.32	14-15_hpf	14-15		embryo14-15h_E1_2_E7
GSM3672735	BDGP6.32	14-15_hpf	14-15		embryo14-15h_E1_2_F9
GSM3672736	BDGP6.32	14-15_hpf	14-15		embryo14-15h_E1_2_G8
GSM3672737	BDGP6.32	14-15_hpf	14-15		embryo14-15h_E1_2_E12
GSM3672738	BDGP6.32	14-15_hpf	14-15		embryo14-15h_E2_D1
GSM3672739	BDGP6.32	14-15_hpf	14-15		embryo14-15h_E2_E9
GSM3672740	BDGP6.32	14-15_hpf	14-15		embryo14-15h_E2_C6
GSM3672741	BDGP6.32	14-15_hpf	14-15		embryo14-15h_E2_G8
GSM3672742	BDGP6.32	14-15_hpf	14-15		embryo14-15h_E2_D8
GSM3672743	BDGP6.32	14-15_hpf	14-15		embryo14-15h_E2_C3
GSM3672744	BDGP6.32	14-15_hpf	14-15		embryo14-15h_E2_G6
GSM3672745	BDGP6.32	14-15_hpf	14-15		embryo14-15h_E2_C7
GSM3672746	BDGP6.32	14-15_hpf	14-15		embryo14-15h_E3_H2
GSM3672747	BDGP6.32	14-15_hpf	14-15		embryo14-15h_E3_C10
GSM3672748	BDGP6.32	14-15_hpf	14-15		embryo14-15h_E3_A5
GSM3672749	BDGP6.32	14-15_hpf	14-15		embryo14-15h_E3_C3
GSM3672750	BDGP6.32	14-15_hpf	14-15		embryo14-15h_E3_H5
GSM3672751	BDGP6.32	14-15_hpf	14-15		embryo14-15h_E3_F10
GSM3672752	BDGP6.32	14-15_hpf	14-15		embryo14-15h_E3_F2
GSM3672753	BDGP6.32	14-15_hpf	14-15		embryo14-15h_E3_G10
GSM3672754	BDGP6.32	14-15_hpf	14-15		embryo14-15h_E3_B4
GSM3672755	BDGP6.32	17-18_hpf	17-18		embryo17-18h_E1_1_B6
GSM3672756	BDGP6.32	17-18_hpf	17-18		embryo17-18h_E1_1_C1
GSM3672757	BDGP6.32	17-18_hpf	17-18		embryo17-18h_E1_1_C2
GSM3672758	BDGP6.32	17-18_hpf	17-18		embryo17-18h_E1_1_B2
GSM3672759	BDGP6.32	17-18_hpf	17-18		embryo17-18h_E1_2_H3
GSM3672760	BDGP6.32	17-18_hpf	17-18		embryo17-18h_E1_2_H1
GSM3672761	BDGP6.32	17-18_hpf	17-18		embryo17-18h_E1_2_H6
GSM3672762	BDGP6.32	17-18_hpf	17-18		embryo17-18h_E1_2_G9
GSM3672763	BDGP6.32	17-18_hpf	17-18		embryo17-18h_E1_2_G6
GSM3672764	BDGP6.32	17-18_hpf	17-18		embryo17-18h_E1_2_G4
GSM3672765	BDGP6.32	17-18_hpf	17-18		embryo17-18h_E2_C1
GSM3672766	BDGP6.32	17-18_hpf	17-18		embryo17-18h_E2_G2
GSM3672767	BDGP6.32	17-18_hpf	17-18		embryo17-18h_E2_B12
GSM3672768	BDGP6.32	17-18_hpf	17-18		embryo17-18h_E2_A5
GSM3672769	BDGP6.32	17-18_hpf	17-18		embryo17-18h_E2_A1
GSM3672770	BDGP6.32	17-18_hpf	17-18		embryo17-18h_E2_D5
GSM3672771	BDGP6.32	17-18_hpf	17-18		embryo17-18h_E2_E2
GSM3672772	BDGP6.32	17-18_hpf	17-18		embryo17-18h_E2_E5
GSM3672773	BDGP6.32	17-18_hpf	17-18		embryo17-18h_E2_C8
GSM3672774	BDGP6.32	17-18_hpf	17-18		embryo17-18h_E2_B1
GSM3672775	BDGP6.32	17-18_hpf	17-18		embryo17-18h_E2_F6
GSM3672776	BDGP6.32	17-18_hpf	17-18		embryo17-18h_E2_F1
GSM3672777	BDGP6.32	17-18_hpf	17-18		embryo17-18h_E3_E9
GSM3672778	BDGP6.32	17-18_hpf	17-18		embryo17-18h_E3_E11
GSM3672779	BDGP6.32	17-18_hpf	17-18		embryo17-18h_E3_H12
GSM3672780	BDGP6.32	17-18_hpf	17-18		embryo17-18h_E3_F9
GSM3672781	BDGP6.32	17-18_hpf	17-18		embryo17-18h_E3_H3
GSM3672782	BDGP6.32	17-18_hpf	17-18		embryo17-18h_E3_E3
GSM3672783	BDGP6.32	17-18_hpf	17-18		embryo17-18h_E3_D11
GSM3672784	BDGP6.32	17-18_hpf	17-18		embryo17-18h_E3_H11
GSM3672785	BDGP6.32	20-21_hpf	20-21		embryo20-21h_E1_1_A10
GSM3672786	BDGP6.32	20-21_hpf	20-21		embryo20-21h_E1_1_D3
GSM3672787	BDGP6.32	20-21_hpf	20-21		embryo20-21h_E1_2_F4
GSM3672788	BDGP6.32	20-21_hpf	20-21		embryo20-21h_E1_2_G12
GSM3672789	BDGP6.32	20-21_hpf	20-21		embryo20-21h_E1_2_H2
GSM3672790	BDGP6.32	20-21_hpf	20-21		embryo20-21h_E1_2_E11
GSM3672791	BDGP6.32	20-21_hpf	20-21		embryo20-21h_E1_2_F5
GSM3672792	BDGP6.32	20-21_hpf	20-21		embryo20-21h_E1_2_F1
GSM3672793	BDGP6.32	20-21_hpf	20-21		embryo20-21h_E1_2_F11
GSM3672794	BDGP6.32	20-21_hpf	20-21		embryo20-21h_E1_2_F12
GSM3672795	BDGP6.32	20-21_hpf	20-21		embryo20-21h_E2_F3
GSM3672796	BDGP6.32	20-21_hpf	20-21		embryo20-21h_E2_A2
GSM3672797	BDGP6.32	20-21_hpf	20-21		embryo20-21h_E2_F8
GSM3672798	BDGP6.32	20-21_hpf	20-21		embryo20-21h_E2_H10
GSM3672799	BDGP6.32	20-21_hpf	20-21		embryo20-21h_E2_G1
GSM3672800	BDGP6.32	20-21_hpf	20-21		embryo20-21h_E2_F5
GSM3672801	BDGP6.32	20-21_hpf	20-21		embryo20-21h_E2_G11
GSM3672802	BDGP6.32	20-21_hpf	20-21		embryo20-21h_E2_E6
GSM3672803	BDGP6.32	20-21_hpf	20-21		embryo20-21h_E2_C4
GSM3672804	BDGP6.32	20-21_hpf	20-21		embryo20-21h_E3_B6
GSM3672805	BDGP6.32	20-21_hpf	20-21		embryo20-21h_E3_G9
GSM3672806	BDGP6.32	20-21_hpf	20-21		embryo20-21h_E3_B5
GSM3672807	BDGP6.32	20-21_hpf	20-21		embryo20-21h_E3_B10
GSM3672808	BDGP6.32	20-21_hpf	20-21		embryo20-21h_E3_E7
GSM3672809	BDGP6.32	20-21_hpf	20-21		embryo20-21h_E3_A11
GSM3672810	BDGP6.32	20-21_hpf	20-21		embryo20-21h_E3_E8
GSM3672811	BDGP6.32	20-21_hpf	20-21		embryo20-21h_E3_E2
GSM3672812	BDGP6.32	20-21_hpf	20-21		embryo20-21h_E3_E5
GSM3672813	BDGP6.32	20-21_hpf	20-21		embryo20-21h_E3_D9
GSM3672814	BDGP6.32	20-21_hpf	20-21		embryo20-21h_E3_A4
GSM3672815	BDGP6.32	20-21_hpf	20-21		embryo20-21h_E3_D2
GSM3672816	BDGP6.32	20-21_hpf	20-21		embryo20-21h_E3_B7
GSM3672817	BDGP6.32	20-21_hpf	20-21		embryo20-21h_E3_C2
GSM3672818	BDGP6.32	20-21_hpf	20-21		embryo20-21h_E3_G6
GSM3672819	BDGP6.32	20-21_hpf	20-21		embryo20-21h_E3_G11
GSM3672820	BDGP6.32	20-21_hpf	20-21		embryo20-21h_E3_E6
GSM3672821	BDGP6.32	20-21_hpf	20-21		embryo20-21h_E3_H7
GSM3672822	BDGP6.32	20-21_hpf	20-21		embryo20-21h_E3_C4
GSM3672823	BDGP6.32	20-21_hpf	20-21		embryo20-21h_E3_A3
GSM3672824	BDGP6.32	23-24_hpf	23-24		embryo23-24h_E1_1_B3
GSM3672825	BDGP6.32	23-24_hpf	23-24		embryo23-24h_E1_2_G3
GSM3672826	BDGP6.32	23-24_hpf	23-24		embryo23-24h_E1_2_G2
GSM3672827	BDGP6.32	23-24_hpf	23-24		embryo23-24h_E1_2_E3
GSM3672828	BDGP6.32	23-24_hpf	23-24		embryo23-24h_E2_C9
GSM3672829	BDGP6.32	23-24_hpf	23-24		embryo23-24h_E2_F4
GSM3672830	BDGP6.32	23-24_hpf	23-24		embryo23-24h_E2_A12
GSM3672831	BDGP6.32	23-24_hpf	23-24		embryo23-24h_E2_D3
GSM3672832	BDGP6.32	23-24_hpf	23-24		embryo23-24h_E2_B5
GSM3672833	BDGP6.32	23-24_hpf	23-24		embryo23-24h_E2_G7
GSM3672834	BDGP6.32	23-24_hpf	23-24		embryo23-24h_E2_F9
GSM3672835	BDGP6.32	23-24_hpf	23-24		embryo23-24h_E2_C5
GSM3672836	BDGP6.32	23-24_hpf	23-24		embryo23-24h_E2_D12
GSM3672837	BDGP6.32	23-24_hpf	23-24		embryo23-24h_E2_F7
GSM3672838	BDGP6.32	23-24_hpf	23-24		embryo23-24h_E2_H3
GSM3672839	BDGP6.32	23-24_hpf	23-24		embryo23-24h_E2_E8
GSM3672840	BDGP6.32	23-24_hpf	23-24		embryo23-24h_E2_G12
GSM3672841	BDGP6.32	23-24_hpf	23-24		embryo23-24h_E2_B11
GSM3672842	BDGP6.32	23-24_hpf	23-24		embryo23-24h_E2_H6
GSM3672843	BDGP6.32	23-24_hpf	23-24		embryo23-24h_E2_C2
GSM3672844	BDGP6.32	23-24_hpf	23-24		embryo23-24h_E2_H5
GSM3672845	BDGP6.32	23-24_hpf	23-24		embryo23-24h_E2_H4
GSM3672846	BDGP6.32	23-24_hpf	23-24		embryo23-24h_E2_G3
GSM3672847	BDGP6.32	23-24_hpf	23-24		embryo23-24h_E2_E3
GSM3672848	BDGP6.32	23-24_hpf	23-24		embryo23-24h_E2_D11
GSM3672849	BDGP6.32	23-24_hpf	23-24		embryo23-24h_E2_C11
GSM3672850	BDGP6.32	23-24_hpf	23-24		embryo23-24h_E3_D10
GSM3672851	BDGP6.32	23-24_hpf	23-24		embryo23-24h_E3_G5
GSM3672852	BDGP6.32	23-24_hpf	23-24		embryo23-24h_E3_C6
GSM3672853	BDGP6.32	23-24_hpf	23-24		embryo23-24h_E3_B12
GSM3672854	BDGP6.32	23-24_hpf	23-24		embryo23-24h_E3_G8
GSM3672855	BDGP6.32	23-24_hpf	23-24		embryo23-24h_E3_D12
GSM3672856	BDGP6.32	23-24_hpf	23-24		embryo23-24h_E3_D8
GSM3672857	BDGP6.32	23-24_hpf	23-24		embryo23-24h_E3_G1
GSM3672858	BDGP6.32	23-24_hpf	23-24		embryo23-24h_E3_E10
GSM3672859	BDGP6.32	23-24_hpf	23-24		embryo23-24h_E3_E1
GSM3672860	BDGP6.32	23-24_hpf	23-24		embryo23-24h_E3_H6
GSM3672861	BDGP6.32	23-24_hpf	23-24		embryo23-24h_E3_F6
GSM3672862	BDGP6.32	23-24_hpf	23-24		embryo23-24h_E3_C12
GSM3672863	BDGP6.32	23-24_hpf	23-24		embryo23-24h_E3_H8
GSM3672864	BDGP6.32	23-24_hpf	23-24		embryo23-24h_E3_C7
GSM3672865	BDGP6.32	23-24_hpf	23-24		embryo23-24h_E3_C11
GSM3672866	BDGP6.32	23-24_hpf	23-24		embryo23-24h_E3_A6
GSM2333272	ce11	0_hpf	0		550_mpf_0_rep1
GSM2333273	ce11	1_hpf	2.5		550_mpf_60_rep1
GSM2333274	ce11	3_hpf	7.5		550_mpf_180_rep1
GSM2333275	ce11	4.5_hpf	11.3		550_mpf_270_rep1
GSM2333276	ce11	7.3_hpf	18.3		550_mpf_440_rep1
GSM2333277	ce11	10.8_hpf	27.1		550_mpf_650_rep1
GSM2333278	ce11	13.8_hpf	34.6		550_mpf_830_rep1
GSM2333279	ce11	0_hpf	0		570_mpf_0_rep1
GSM2333280	ce11	1_hpf	2.5		570_mpf_60_rep1
GSM2333281	ce11	3_hpf	7.5		570_mpf_180_rep1
GSM2333282	ce11	4.5_hpf	11.3		570_mpf_270_rep1
GSM2333283	ce11	7.3_hpf	18.3		570_mpf_440_rep1
GSM2333284	ce11	10.8_hpf	27.1		570_mpf_650_rep1
GSM2333285	ce11	13.8_hpf	34.6		570_mpf_830_rep1
GSM2333286	ce11	0_hpf	0		502_mpf_0_rep1
GSM2333287	ce11	1_hpf	2.5		502_mpf_60_rep1
GSM2333288	ce11	3_hpf	7.5		502_mpf_180_rep1
GSM2333289	ce11	4.5_hpf	11.3		502_mpf_270_rep1
GSM2333290	ce11	7.3_hpf	18.3		502_mpf_440_rep1
GSM2333291	ce11	10.8_hpf	27.1		502_mpf_650_rep1
GSM2333292	ce11	13.8_hpf	34.6		502_mpf_830_rep1
GSM2333293	ce11	0_hpf	0		555_mpf_0_rep1
GSM2333294	ce11	1_hpf	2.5		555_mpf_60_rep1
GSM2333295	ce11	3_hpf	7.5		555_mpf_180_rep1
GSM2333296	ce11	4.5_hpf	11.3		555_mpf_270_rep1
GSM2333297	ce11	7.3_hpf	18.3		555_mpf_440_rep1
GSM2333298	ce11	10.8_hpf	27.1		555_mpf_650_rep1
GSM2333299	ce11	13.8_hpf	34.6		555_mpf_830_rep1
GSM2333300	ce11	0_hpf	0		N2_mpf_0_rep1
GSM2333301	ce11	1_hpf	2.5		N2_mpf_60_rep1
GSM2333302	ce11	3_hpf	7.5		N2_mpf_180_rep1
GSM2333303	ce11	4.5_hpf	11.3		N2_mpf_270_rep1
GSM2333304	ce11	7.3_hpf	18.3		N2_mpf_440_rep1
GSM2333305	ce11	10.8_hpf	27.1		N2_mpf_650_rep1
GSM2333306	ce11	13.8_hpf	34.6		N2_mpf_830_rep1
GSM2333307	ce11	0_hpf	0		575_mpf_0_rep1
GSM2333308	ce11	1_hpf	2.5		575_mpf_60_rep1
GSM2333309	ce11	3_hpf	7.5		575_mpf_180_rep1
GSM2333310	ce11	4.5_hpf	11.3		575_mpf_270_rep1
GSM2333311	ce11	7.3_hpf	18.3		575_mpf_440_rep1
GSM2333312	ce11	10.8_hpf	27.1		575_mpf_650_rep1
GSM2333313	ce11	13.8_hpf	34.6		575_mpf_830_rep1
GSM2333314	ce11	0_hpf	0		530_mpf_0_rep1
GSM2333315	ce11	1_hpf	2.5		530_mpf_60_rep1
GSM2333316	ce11	3_hpf	7.5		530_mpf_180_rep1
GSM2333317	ce11	4.5_hpf	11.3		530_mpf_270_rep1
GSM2333318	ce11	7.3_hpf	18.3		530_mpf_440_rep1
GSM2333319	ce11	10.8_hpf	27.1		530_mpf_650_rep1
GSM2333320	ce11	13.8_hpf	34.6		530_mpf_830_rep1
GSM2333321	ce11	0_hpf	0		517_mpf_0_rep1
GSM2333322	ce11	1_hpf	2.5		517_mpf_60_rep1
GSM2333323	ce11	3_hpf	7.5		517_mpf_180_rep1
GSM2333324	ce11	4.5_hpf	11.3		517_mpf_270_rep1
GSM2333325	ce11	7.3_hpf	18.3		517_mpf_440_rep1
GSM2333326	ce11	10.8_hpf	27.1		517_mpf_650_rep1
GSM2333327	ce11	13.8_hpf	34.6		517_mpf_830_rep1
GSM2333328	ce11	0_hpf	0		529_mpf_0_rep1
GSM2333329	ce11	1_hpf	2.5		529_mpf_60_rep1
GSM2333330	ce11	3_hpf	7.5		529_mpf_180_rep1
GSM2333331	ce11	4.5_hpf	11.3		529_mpf_270_rep1
GSM2333332	ce11	7.3_hpf	18.3		529_mpf_440_rep1
GSM2333333	ce11	10.8_hpf	27.1		529_mpf_650_rep1
GSM2333334	ce11	13.8_hpf	34.6		529_mpf_830_rep1
GSM2333335	ce11	0_hpf	0		598_mpf_0_rep1
GSM2333336	ce11	1_hpf	2.5		598_mpf_60_rep1
GSM2333337	ce11	3_hpf	7.5		598_mpf_180_rep1
GSM2333338	ce11	4.5_hpf	11.3		598_mpf_270_rep1
GSM2333339	ce11	7.3_hpf	18.3		598_mpf_440_rep1
GSM2333340	ce11	10.8_hpf	27.1		598_mpf_650_rep1
GSM2333341	ce11	13.8_hpf	34.6		598_mpf_830_rep1
GSM2333342	ce11	0_hpf	0		593_mpf_0_rep1
GSM2333343	ce11	1_hpf	2.5		593_mpf_60_rep1
GSM2333344	ce11	3_hpf	7.5		593_mpf_180_rep1
GSM2333345	ce11	4.5_hpf	11.3		593_mpf_270_rep1
GSM2333346	ce11	7.3_hpf	18.3		593_mpf_440_rep1
GSM2333347	ce11	10.8_hpf	27.1		593_mpf_650_rep1
GSM2333348	ce11	13.8_hpf	34.6		593_mpf_830_rep1
GSM2333349	ce11	0_hpf	0		573_mpf_0_rep1
GSM2333350	ce11	1_hpf	2.5		573_mpf_60_rep1
GSM2333351	ce11	3_hpf	7.5		573_mpf_180_rep1
GSM2333352	ce11	4.5_hpf	11.3		573_mpf_270_rep1
GSM2333353	ce11	7.3_hpf	18.3		573_mpf_440_rep1
GSM2333354	ce11	10.8_hpf	27.1		573_mpf_650_rep1
GSM2333355	ce11	13.8_hpf	34.6		573_mpf_830_rep1
GSM2333356	ce11	0_hpf	0		564_mpf_0_rep1
GSM2333357	ce11	1_hpf	2.5		564_mpf_60_rep1
GSM2333358	ce11	3_hpf	7.5		564_mpf_180_rep1
GSM2333359	ce11	4.5_hpf	11.3		564_mpf_270_rep1
GSM2333360	ce11	7.3_hpf	18.3		564_mpf_440_rep1
GSM2333361	ce11	10.8_hpf	27.1		564_mpf_650_rep1
GSM2333362	ce11	13.8_hpf	34.6		564_mpf_830_rep1
GSM2333363	ce11	0_hpf	0		516_mpf_0_rep1
GSM2333364	ce11	1_hpf	2.5		516_mpf_60_rep1
GSM2333365	ce11	3_hpf	7.5		516_mpf_180_rep1
GSM2333366	ce11	4.5_hpf	11.3		516_mpf_270_rep1
GSM2333367	ce11	7.3_hpf	18.3		516_mpf_440_rep1
GSM2333368	ce11	10.8_hpf	27.1		516_mpf_650_rep1
GSM2333369	ce11	13.8_hpf	34.6		516_mpf_830_rep1
GSM2333370	ce11	0_hpf	0		552_mpf_0_rep1
GSM2333371	ce11	1_hpf	2.5		552_mpf_60_rep1
GSM2333372	ce11	3_hpf	7.5		552_mpf_180_rep1
GSM2333373	ce11	4.5_hpf	11.3		552_mpf_270_rep1
GSM2333374	ce11	7.3_hpf	18.3		552_mpf_440_rep1
GSM2333375	ce11	10.8_hpf	27.1		552_mpf_650_rep1
GSM2333376	ce11	13.8_hpf	34.6		552_mpf_830_rep1
GSM2333377	ce11	0_hpf	0		522_mpf_0_rep1
GSM2333378	ce11	1_hpf	2.5		522_mpf_60_rep1
GSM2333379	ce11	3_hpf	7.5		522_mpf_180_rep1
GSM2333380	ce11	4.5_hpf	11.3		522_mpf_270_rep1
GSM2333381	ce11	7.3_hpf	18.3		522_mpf_440_rep1
GSM2333382	ce11	10.8_hpf	27.1		522_mpf_650_rep1
GSM2333383	ce11	13.8_hpf	34.6		522_mpf_830_rep1
GSM2333384	ce11	0_hpf	0		536_mpf_0_rep1
GSM2333385	ce11	1_hpf	2.5		536_mpf_60_rep1
GSM2333386	ce11	3_hpf	7.5		536_mpf_180_rep1
GSM2333387	ce11	4.5_hpf	11.3		536_mpf_270_rep1
GSM2333388	ce11	7.3_hpf	18.3		536_mpf_440_rep1
GSM2333389	ce11	10.8_hpf	27.1		536_mpf_650_rep1
GSM2333390	ce11	13.8_hpf	34.6		536_mpf_830_rep1
GSM2333391	ce11	0_hpf	0		508_mpf_0_rep1
GSM2333392	ce11	1_hpf	2.5		508_mpf_60_rep1
GSM2333393	ce11	3_hpf	7.5		508_mpf_180_rep1
GSM2333394	ce11	4.5_hpf	11.3		508_mpf_270_rep1
GSM2333395	ce11	7.3_hpf	18.3		508_mpf_440_rep1
GSM2333396	ce11	10.8_hpf	27.1		508_mpf_650_rep1
GSM2333397	ce11	13.8_hpf	34.6		508_mpf_830_rep1
GSM2333398	ce11	0_hpf	0		566_mpf_0_rep1
GSM2333399	ce11	1_hpf	2.5		566_mpf_60_rep1
GSM2333400	ce11	3_hpf	7.5		566_mpf_180_rep1
GSM2333401	ce11	4.5_hpf	11.3		566_mpf_270_rep1
GSM2333402	ce11	7.3_hpf	18.3		566_mpf_440_rep1
GSM2333403	ce11	10.8_hpf	27.1		566_mpf_650_rep1
GSM2333404	ce11	13.8_hpf	34.6		566_mpf_830_rep1
GSM2333405	ce11	0_hpf	0		597_mpf_0_rep1
GSM2333406	ce11	1_hpf	2.5		597_mpf_60_rep1
GSM2333407	ce11	3_hpf	7.5		597_mpf_180_rep1
GSM2333408	ce11	4.5_hpf	11.3		597_mpf_270_rep1
GSM2333409	ce11	7.3_hpf	18.3		597_mpf_440_rep1
GSM2333410	ce11	10.8_hpf	27.1		597_mpf_650_rep1
GSM2333411	ce11	13.8_hpf	34.6		597_mpf_830_rep1
GSM2333412	ce11	0_hpf	0		522_mpf_0_rep2
GSM2333413	ce11	0_hpf	0		522_mpf_0_rep3
GSM2333414	ce11	0_hpf	0		522_mpf_0_rep4
GSM2333415	ce11	1_hpf	2.5		522_mpf_60_rep2
GSM2333416	ce11	1_hpf	2.5		522_mpf_60_rep3
GSM2333417	ce11	1_hpf	2.5		522_mpf_60_rep4
GSM2333418	ce11	3_hpf	7.5		522_mpf_180_rep2
GSM2333419	ce11	3_hpf	7.5		522_mpf_180_rep3
GSM2333420	ce11	3_hpf	7.5		522_mpf_180_rep4
GSM2333421	ce11	4.5_hpf	11.3		522_mpf_270_rep2
GSM2333422	ce11	4.5_hpf	11.3		522_mpf_270_rep3
GSM2333423	ce11	4.5_hpf	11.3		522_mpf_270_rep4
GSM2333424	ce11	7.3_hpf	18.3		522_mpf_440_rep2
GSM2333425	ce11	7.3_hpf	18.3		522_mpf_440_rep3
GSM2333426	ce11	7.3_hpf	18.3		522_mpf_440_rep4
GSM2333427	ce11	10.8_hpf	27.1		522_mpf_650_rep2
GSM2333428	ce11	10.8_hpf	27.1		522_mpf_650_rep3
GSM2333429	ce11	10.8_hpf	27.1		522_mpf_650_rep4
GSM2333430	ce11	13.8_hpf	34.6		522_mpf_830_rep2
GSM2333431	ce11	13.8_hpf	34.6		522_mpf_830_rep3
GSM2333432	ce11	13.8_hpf	34.6		522_mpf_830_rep4
GSM2837548	BraLan2	blastula	5		blastula_rep1
GSM2837549	BraLan2	blastula	5		blastula_rep2
GSM2837544	BraLan2	7hpf	7		7hpf_rep1
GSM2837545	BraLan2	7hpf	7		7hpf_rep2
GSM2837546	BraLan2	8hpf	8		8hpf_rep1
GSM2837547	BraLan2	8hpf	8		8hpf_rep2
GSM2837516	BraLan2	10hpf	10		10hpf_rep1
GSM2837517	BraLan2	10hpf	10		10hpf_rep2
GSM2837518	BraLan2	11hpf	11		11hpf_rep1
GSM2837519	BraLan2	11hpf	11		11hpf_rep2
GSM2837520	BraLan2	15hpf	15		15hpf_rep1
GSM2837521	BraLan2	15hpf	15		15hpf_rep2
GSM2837522	BraLan2	15hpf	15		15hpf_rep3
GSM2837523	BraLan2	15hpf	15		15hpf_rep4
GSM2837524	BraLan2	18hpf	18		18hpf_rep1
GSM2837525	BraLan2	18hpf	18		18hpf_rep2
GSM2837526	BraLan2	21hpf	21		21hpf_rep1
GSM2837527	BraLan2	21hpf	21		21hpf_rep2
GSM2837528	BraLan2	24hpf	24		24hpf_rep1
GSM2837529	BraLan2	24hpf	24		24hpf_rep2
GSM2837530	BraLan2	27hpf	27		27hpf_rep1
GSM2837531	BraLan2	27hpf	27		27hpf_rep2
GSM2837537	BraLan2	36hpf	36		36hpf_rep1
GSM2837538	BraLan2	36hpf	36		36hpf_rep2
GSM2837539	BraLan2	36hpf	36		36hpf_rep3
GSM2837540	BraLan2	50hpf	50		50hpf_rep1
GSM2837541	BraLan2	50hpf	50		50hpf_rep2
GSM2837542	BraLan2	60hpf	60		60hpf_rep1
GSM2837543	BraLan2	60hpf	60		60hpf_rep2
DRR032791	GRCm38.p6	2cell	24		2cell_rep1
DRR032792	GRCm38.p6	2cell	24		2cell_rep2
DRR032793	GRCm38.p6	8cell	36		8cell_rep1
DRR032794	GRCm38.p6	8cell	36		8cell_rep2
DRR032828	GRCm38.p6	morula	48		morula_rep1
DRR032829	GRCm38.p6	morula	48		morula_rep2
DRR032826	GRCm38.p6	blastocyst	84		blastocyst_rep1
DRR032827	GRCm38.p6	blastocyst	84		blastocyst_rep2
DRR032817	GRCm38.p6	E7.5	180		E7.5_rep1
DRR032818	GRCm38.p6	E7.5	180		E7.5_rep2
DRR032819	GRCm38.p6	E8.5	204		E8.5_rep1
DRR032820	GRCm38.p6	E8.5	204		E8.5_rep2
DRR032821	GRCm38.p6	E8.5	204		E8.5_rep3
DRR032822	GRCm38.p6	E9.0	216		E9.0_rep1
DRR032823	GRCm38.p6	E9.0	216		E9.0_rep2
DRR032824	GRCm38.p6	E9.5	228		E9.5_rep1
DRR032825	GRCm38.p6	E9.5	228		E9.5_rep2
DRR032795	GRCm38.p6	E10.5	252		E10.5_rep1
DRR032796	GRCm38.p6	E10.5	252		E10.5_rep2
DRR032797	GRCm38.p6	E10.5	252		E10.5_rep3
DRR032798	GRCm38.p6	E11.5	276		E11.5_rep1
DRR032799	GRCm38.p6	E11.5	276		E11.5_rep2
DRR032800	GRCm38.p6	E11.5	276		E11.5_rep3
DRR032801	GRCm38.p6	E12.5	300		E12.5_rep1
DRR032802	GRCm38.p6	E12.5	300		E12.5_rep2
DRR032803	GRCm38.p6	E12.5	300		E12.5_rep3
DRR032804	GRCm38.p6	E13.5	324		E13.5_rep1
DRR032805	GRCm38.p6	E13.5	324		E13.5_rep2
DRR032806	GRCm38.p6	E14.5	348		E14.5_rep1
DRR032807	GRCm38.p6	E14.5	348		E14.5_rep2
DRR032808	GRCm38.p6	E15.5	372		E15.5_rep1
DRR032809	GRCm38.p6	E15.5	372		E15.5_rep2
DRR032810	GRCm38.p6	E16.5	384		E16.5_rep1
DRR032811	GRCm38.p6	E16.5	384		E16.5_rep2
DRR032812	GRCm38.p6	E16.5	384		E16.5_rep3
DRR032813	GRCm38.p6	E17.5	420		E17.5_rep1
DRR032814	GRCm38.p6	E17.5	420		E17.5_rep2
DRR032815	GRCm38.p6	E18.5	444		E18.5_rep1
DRR032816	GRCm38.p6	E18.5	444		E18.5_rep2
DRR032785	galGal6	HH6	24		HH6_rep1
DRR032786	galGal6	HH6	24		HH6_rep2
DRR032787	galGal6	HH8	27.5		HH8_rep1
DRR032788	galGal6	HH8	27.5		HH8_rep2
DRR032765	galGal6	HH11	42.5		HH11_rep1
DRR032766	galGal6	HH11	42.5		HH11_rep2
DRR032767	galGal6	HH14	51.5		HH14_rep1
DRR032768	galGal6	HH14	51.5		HH14_rep2
DRR032769	galGal6	HH16	53.5		HH16_rep1
DRR032770	galGal6	HH16	53.5		HH16_rep2
DRR032771	galGal6	HH19	78		HH19_rep1
DRR032772	galGal6	HH19	78		HH19_rep2
DRR032773	galGal6	HH21	84		HH21_rep1
DRR032774	galGal6	HH21	84		HH21_rep2
DRR032775	galGal6	HH24	108		HH24_rep1
DRR032776	galGal6	HH24	108		HH24_rep2
DRR032777	galGal6	HH28	138		HH28_rep1
DRR032778	galGal6	HH28	138		HH28_rep2
DRR032779	galGal6	HH32	180		HH32_rep1
DRR032780	galGal6	HH32	180		HH32_rep2
DRR032781	galGal6	HH34	192		HH34_rep1
DRR032782	galGal6	HH34	192		HH34_rep2
DRR032783	galGal6	HH38	288		HH38_rep1
DRR032784	galGal6	HH38	288		HH38_rep2
GSM1606175	UCB_Xtro_10.0	stage1	0		ClutchA_polyA_0_hpf
GSM1606271	UCB_Xtro_10.0	stage1	0		ClutchA_ribozero_0_hpf
GSM1606319	UCB_Xtro_10.0	stage1	0		ClutchB_polyA_0_hpf
GSM1606176	UCB_Xtro_10.0	stage1	0.5		ClutchA_polyA_0.5_hpf
GSM1606273	UCB_Xtro_10.0	stage1	0.5		ClutchA_ribozero_0.5_hpf
GSM1606320	UCB_Xtro_10.0	stage1	0.5		ClutchB_polyA_0.5_hpf
GSM1606177	UCB_Xtro_10.0	stage2	1		ClutchA_polyA_1_hpf
GSM1606284	UCB_Xtro_10.0	stage2	1		ClutchA_ribozero_1_hpf
GSM1606321	UCB_Xtro_10.0	stage2	1		ClutchB_polyA_1_hpf
GSM1606178	UCB_Xtro_10.0	stage3	1.5		ClutchA_polyA_1.5_hpf
GSM1606295	UCB_Xtro_10.0	stage3	1.5		ClutchA_ribozero_1.5_hpf
GSM1606322	UCB_Xtro_10.0	stage3	1.5		ClutchB_polyA_1.5_hpf
GSM1606179	UCB_Xtro_10.0	stage5	2		ClutchA_polyA_2_hpf
GSM1606306	UCB_Xtro_10.0	stage5	2		ClutchA_ribozero_2_hpf
GSM1606323	UCB_Xtro_10.0	stage5	2		ClutchB_polyA_2_hpf
GSM1606180	UCB_Xtro_10.0	stage6	2.5		ClutchA_polyA_2.5_hpf
GSM1606314	UCB_Xtro_10.0	stage6	2.5		ClutchA_ribozero_2.5_hpf
GSM1606324	UCB_Xtro_10.0	stage6	2.5		ClutchB_polyA_2.5_hpf
GSM1606181	UCB_Xtro_10.0	stage7	3		ClutchA_polyA_3_hpf
GSM1606315	UCB_Xtro_10.0	stage7	3		ClutchA_ribozero_3_hpf
GSM1606325	UCB_Xtro_10.0	stage7	3		ClutchB_polyA_3_hpf
GSM1606182	UCB_Xtro_10.0	stage7	3.5		ClutchA_polyA_3.5_hpf
GSM1606316	UCB_Xtro_10.0	stage7	3.5		ClutchA_ribozero_3.5_hpf
GSM1606326	UCB_Xtro_10.0	stage7	3.5		ClutchB_polyA_3.5_hpf
GSM1606183	UCB_Xtro_10.0	stage8	4		ClutchA_polyA_4_hpf
GSM1606317	UCB_Xtro_10.0	stage8	4		ClutchA_ribozero_4_hpf
GSM1606327	UCB_Xtro_10.0	stage8	4		ClutchB_polyA_4_hpf
GSM1606184	UCB_Xtro_10.0	stage9	4.5		ClutchA_polyA_4.5_hpf
GSM1606318	UCB_Xtro_10.0	stage9	4.5		ClutchA_ribozero_4.5_hpf
GSM1606328	UCB_Xtro_10.0	stage9	4.5		ClutchB_polyA_4.5_hpf
GSM1606185	UCB_Xtro_10.0	stage9	5		ClutchA_polyA_5_hpf
GSM1606272	UCB_Xtro_10.0	stage9	5		ClutchA_ribozero_5_hpf
GSM1606329	UCB_Xtro_10.0	stage9	5		ClutchB_polyA_5_hpf
GSM1606186	UCB_Xtro_10.0	stage9	5.5		ClutchA_polyA_5.5_hpf
GSM1606274	UCB_Xtro_10.0	stage9	5.5		ClutchA_ribozero_5.5_hpf
GSM1606330	UCB_Xtro_10.0	stage9	5.5		ClutchB_polyA_5.5_hpf
GSM1606187	UCB_Xtro_10.0	stage9	6		ClutchA_polyA_6_hpf
GSM1606275	UCB_Xtro_10.0	stage9	6		ClutchA_ribozero_6_hpf
GSM1606331	UCB_Xtro_10.0	stage9	6		ClutchB_polyA_6_hpf
GSM1606188	UCB_Xtro_10.0	stage10	6.5		ClutchA_polyA_6.5_hpf
GSM1606276	UCB_Xtro_10.0	stage10	6.5		ClutchA_ribozero_6.5_hpf
GSM1606332	UCB_Xtro_10.0	stage10	6.5		ClutchB_polyA_6.5_hpf
GSM1606189	UCB_Xtro_10.0	stage10	7		ClutchA_polyA_7_hpf
GSM1606277	UCB_Xtro_10.0	stage10	7		ClutchA_ribozero_7_hpf
GSM1606333	UCB_Xtro_10.0	stage10	7		ClutchB_polyA_7_hpf
GSM1606190	UCB_Xtro_10.0	stage10	7.5		ClutchA_polyA_7.5_hpf
GSM1606278	UCB_Xtro_10.0	stage10	7.5		ClutchA_ribozero_7.5_hpf
GSM1606334	UCB_Xtro_10.0	stage10	7.5		ClutchB_polyA_7.5_hpf
GSM1606191	UCB_Xtro_10.0	stage11	8		ClutchA_polyA_8_hpf
GSM1606279	UCB_Xtro_10.0	stage11	8		ClutchA_ribozero_8_hpf
GSM1606335	UCB_Xtro_10.0	stage11	8		ClutchB_polyA_8_hpf
GSM1606192	UCB_Xtro_10.0	stage12	8.5		ClutchA_polyA_8.5_hpf
GSM1606280	UCB_Xtro_10.0	stage12	8.5		ClutchA_ribozero_8.5_hpf
GSM1606336	UCB_Xtro_10.0	stage12	8.5		ClutchB_polyA_8.5_hpf
GSM1606193	UCB_Xtro_10.0	stage12	9		ClutchA_polyA_9_hpf
GSM1606281	UCB_Xtro_10.0	stage12	9		ClutchA_ribozero_9_hpf
GSM1606337	UCB_Xtro_10.0	stage12	9		ClutchB_polyA_9_hpf
GSM1606194	UCB_Xtro_10.0	stage12	9.5		ClutchA_polyA_9.5_hpf
GSM1606282	UCB_Xtro_10.0	stage12	9.5		ClutchA_ribozero_9.5_hpf
GSM1606338	UCB_Xtro_10.0	stage12	9.5		ClutchB_polyA_9.5_hpf
GSM1606195	UCB_Xtro_10.0	stage12	10		ClutchA_polyA_10_hpf
GSM1606283	UCB_Xtro_10.0	stage12	10		ClutchA_ribozero_10_hpf
GSM1606339	UCB_Xtro_10.0	stage12	10		ClutchB_polyA_10_hpf
GSM1606196	UCB_Xtro_10.0	stage12.5	10.5		ClutchA_polyA_10.5_hpf
GSM1606285	UCB_Xtro_10.0	stage12.5	10.5		ClutchA_ribozero_10.5_hpf
GSM1606340	UCB_Xtro_10.0	stage12.5	10.5		ClutchB_polyA_10.5_hpf
GSM1606197	UCB_Xtro_10.0	stage12.5	11		ClutchA_polyA_11_hpf
GSM1606286	UCB_Xtro_10.0	stage12.5	11		ClutchA_ribozero_11_hpf
GSM1606341	UCB_Xtro_10.0	stage12.5	11		ClutchB_polyA_11_hpf
GSM1606198	UCB_Xtro_10.0	stage12.5	11.5		ClutchA_polyA_11.5_hpf
GSM1606265	UCB_Xtro_10.0	stage12.5	11.5		ClutchA_polyA_11.5_hpf_repeat
GSM1606287	UCB_Xtro_10.0	stage12.5	11.5		ClutchA_ribozero_11.5_hpf
GSM1606342	UCB_Xtro_10.0	stage12.5	11.5		ClutchB_polyA_11.5_hpf
GSM1606199	UCB_Xtro_10.0	stage13	12		ClutchA_polyA_12_hpf
GSM1606288	UCB_Xtro_10.0	stage13	12		ClutchA_ribozero_12_hpf
GSM1606343	UCB_Xtro_10.0	stage13	12		ClutchB_polyA_12_hpf
GSM1606200	UCB_Xtro_10.0	stage13	12.5		ClutchA_polyA_12.5_hpf
GSM1606289	UCB_Xtro_10.0	stage13	12.5		ClutchA_ribozero_12.5_hpf
GSM1606344	UCB_Xtro_10.0	stage13	12.5		ClutchB_polyA_12.5_hpf
GSM1606201	UCB_Xtro_10.0	stage13	13		ClutchA_polyA_13_hpf
GSM1606290	UCB_Xtro_10.0	stage13	13		ClutchA_ribozero_13_hpf
GSM1606345	UCB_Xtro_10.0	stage13	13		ClutchB_polyA_13_hpf
GSM1606202	UCB_Xtro_10.0	stage14	13.5		ClutchA_polyA_13.5_hpf
GSM1606291	UCB_Xtro_10.0	stage14	13.5		ClutchA_ribozero_13.5_hpf
GSM1606346	UCB_Xtro_10.0	stage14	13.5		ClutchB_polyA_13.5_hpf
GSM1606203	UCB_Xtro_10.0	stage14	14		ClutchA_polyA_14_hpf
GSM1606292	UCB_Xtro_10.0	stage14	14		ClutchA_ribozero_14_hpf
GSM1606347	UCB_Xtro_10.0	stage14	14		ClutchB_polyA_14_hpf
GSM1606204	UCB_Xtro_10.0	stage15	14.5		ClutchA_polyA_14.5_hpf
GSM1606293	UCB_Xtro_10.0	stage15	14.5		ClutchA_ribozero_14.5_hpf
GSM1606348	UCB_Xtro_10.0	stage15	14.5		ClutchB_polyA_14.5_hpf
GSM1606205	UCB_Xtro_10.0	stage17	15		ClutchA_polyA_15_hpf
GSM1606294	UCB_Xtro_10.0	stage17	15		ClutchA_ribozero_15_hpf
GSM1606349	UCB_Xtro_10.0	stage17	15		ClutchB_polyA_15_hpf
GSM1606206	UCB_Xtro_10.0	stage19	15.5		ClutchA_polyA_15.5_hpf
GSM1606296	UCB_Xtro_10.0	stage19	15.5		ClutchA_ribozero_15.5_hpf
GSM1606350	UCB_Xtro_10.0	stage19	15.5		ClutchB_polyA_15.5_hpf
GSM1606207	UCB_Xtro_10.0	stage20	16		ClutchA_polyA_16_hpf
GSM1606297	UCB_Xtro_10.0	stage20	16		ClutchA_ribozero_16_hpf
GSM1606351	UCB_Xtro_10.0	stage20	16		ClutchB_polyA_16_hpf
GSM1606208	UCB_Xtro_10.0	stage21	16.5		ClutchA_polyA_16.5_hpf
GSM1606298	UCB_Xtro_10.0	stage21	16.5		ClutchA_ribozero_16.5_hpf
GSM1606352	UCB_Xtro_10.0	stage21	16.5		ClutchB_polyA_16.5_hpf
GSM1606209	UCB_Xtro_10.0	stage21	17		ClutchA_polyA_17_hpf
GSM1606299	UCB_Xtro_10.0	stage21	17		ClutchA_ribozero_17_hpf
GSM1606353	UCB_Xtro_10.0	stage21	17		ClutchB_polyA_17_hpf
GSM1606210	UCB_Xtro_10.0	stage22	17.5		ClutchA_polyA_17.5_hpf
GSM1606300	UCB_Xtro_10.0	stage22	17.5		ClutchA_ribozero_17.5_hpf
GSM1606354	UCB_Xtro_10.0	stage22	17.5		ClutchB_polyA_17.5_hpf
GSM1606211	UCB_Xtro_10.0	stage22	18		ClutchA_polyA_18_hpf
GSM1606301	UCB_Xtro_10.0	stage22	18		ClutchA_ribozero_18_hpf
GSM1606355	UCB_Xtro_10.0	stage22	18		ClutchB_polyA_18_hpf
GSM1606212	UCB_Xtro_10.0	stage23	18.5		ClutchA_polyA_18.5_hpf
GSM1606302	UCB_Xtro_10.0	stage23	18.5		ClutchA_ribozero_18.5_hpf
GSM1606356	UCB_Xtro_10.0	stage23	18.5		ClutchB_polyA_18.5_hpf
GSM1606213	UCB_Xtro_10.0	stage24	19		ClutchA_polyA_19_hpf
GSM1606303	UCB_Xtro_10.0	stage24	19		ClutchA_ribozero_19_hpf
GSM1606357	UCB_Xtro_10.0	stage24	19		ClutchB_polyA_19_hpf
GSM1606214	UCB_Xtro_10.0	stage24	19.5		ClutchA_polyA_19.5_hpf
GSM1606304	UCB_Xtro_10.0	stage24	19.5		ClutchA_ribozero_19.5_hpf
GSM1606358	UCB_Xtro_10.0	stage24	19.5		ClutchB_polyA_19.5_hpf
GSM1606215	UCB_Xtro_10.0	stage24	20		ClutchA_polyA_20_hpf
GSM1606305	UCB_Xtro_10.0	stage24	20		ClutchA_ribozero_20_hpf
GSM1606359	UCB_Xtro_10.0	stage24	20		ClutchB_polyA_20_hpf
GSM1606216	UCB_Xtro_10.0	stage24	20.5		ClutchA_polyA_20.5_hpf
GSM1606307	UCB_Xtro_10.0	stage24	20.5		ClutchA_ribozero_20.5_hpf
GSM1606360	UCB_Xtro_10.0	stage24	20.5		ClutchB_polyA_20.5_hpf
GSM1606217	UCB_Xtro_10.0	stage25	21		ClutchA_polyA_21_hpf
GSM1606308	UCB_Xtro_10.0	stage25	21		ClutchA_ribozero_21_hpf
GSM1606361	UCB_Xtro_10.0	stage25	21		ClutchB_polyA_21_hpf
GSM1606218	UCB_Xtro_10.0	stage25	21.5		ClutchA_polyA_21.5_hpf
GSM1606266	UCB_Xtro_10.0	stage25	21.5		ClutchA_polyA_21.5_hpf_repeat
GSM1606309	UCB_Xtro_10.0	stage25	21.5		ClutchA_ribozero_21.5_hpf
GSM1606362	UCB_Xtro_10.0	stage25	21.5		ClutchB_polyA_21.5_hpf
GSM1606219	UCB_Xtro_10.0	stage25	22		ClutchA_polyA_22_hpf
GSM1606310	UCB_Xtro_10.0	stage25	22		ClutchA_ribozero_22_hpf
GSM1606363	UCB_Xtro_10.0	stage25	22		ClutchB_polyA_22_hpf
GSM1606220	UCB_Xtro_10.0	stage26	22.5		ClutchA_polyA_22.5_hpf
GSM1606311	UCB_Xtro_10.0	stage26	22.5		ClutchA_ribozero_22.5_hpf
GSM1606364	UCB_Xtro_10.0	stage26	22.5		ClutchB_polyA_22.5_hpf
GSM1606221	UCB_Xtro_10.0	stage26	23		ClutchA_polyA_23_hpf
GSM1606312	UCB_Xtro_10.0	stage26	23		ClutchA_ribozero_23_hpf
GSM1606365	UCB_Xtro_10.0	stage26	23		ClutchB_polyA_23_hpf
GSM1606222	UCB_Xtro_10.0	stage26	23.5		ClutchA_polyA_23.5_hpf
GSM1606313	UCB_Xtro_10.0	stage26	23.5		ClutchA_ribozero_23.5_hpf
GSM1606366	UCB_Xtro_10.0	stage26	23.5		ClutchB_polyA_23.5_hpf
GSM1606223	UCB_Xtro_10.0	stage27	24		ClutchA_polyA_24_hpf
GSM1606367	UCB_Xtro_10.0	stage27	24		ClutchB_polyA_24_hpf
GSM1606224	UCB_Xtro_10.0	stage27	25		ClutchA_polyA_25_hpf
GSM1606225	UCB_Xtro_10.0	stage27	26		ClutchA_polyA_26_hpf
GSM1606226	UCB_Xtro_10.0	stage28	27		ClutchA_polyA_27_hpf
GSM1606227	UCB_Xtro_10.0	stage28	28		ClutchA_polyA_28_hpf
GSM1606228	UCB_Xtro_10.0	stage30	29		ClutchA_polyA_29_hpf
GSM1606229	UCB_Xtro_10.0	stage31	30		ClutchA_polyA_30_hpf
GSM1606267	UCB_Xtro_10.0	stage31	30		ClutchA_polyA_30_hpf_repeat
GSM1606230	UCB_Xtro_10.0	stage32	31		ClutchA_polyA_31_hpf
GSM1606231	UCB_Xtro_10.0	stage32	32		ClutchA_polyA_32_hpf
GSM1606232	UCB_Xtro_10.0	stage34	33		ClutchA_polyA_33_hpf
GSM1606268	UCB_Xtro_10.0	stage34	33		ClutchA_polyA_33_hpf_repeat
GSM1606233	UCB_Xtro_10.0	stage34	34		ClutchA_polyA_34_hpf
GSM1606234	UCB_Xtro_10.0	stage34	35		ClutchA_polyA_35_hpf
GSM1606235	UCB_Xtro_10.0	stage35	36		ClutchA_polyA_36_hpf
GSM1606236	UCB_Xtro_10.0	stage36	37		ClutchA_polyA_37_hpf
GSM1606237	UCB_Xtro_10.0	stage37	38		ClutchA_polyA_38_hpf
GSM1606238	UCB_Xtro_10.0	stage38	39		ClutchA_polyA_39_hpf
GSM1606239	UCB_Xtro_10.0	stage38	40		ClutchA_polyA_40_hpf
GSM1606240	UCB_Xtro_10.0	stage39	41		ClutchA_polyA_41_hpf
GSM1606241	UCB_Xtro_10.0	stage39	42		ClutchA_polyA_42_hpf
GSM1606242	UCB_Xtro_10.0	stage39	44		ClutchA_polyA_44_hpf
GSM1606243	UCB_Xtro_10.0	stage39	45		ClutchA_polyA_45_hpf
GSM1606244	UCB_Xtro_10.0	stage40	46		ClutchA_polyA_46_hpf
GSM1606245	UCB_Xtro_10.0	stage40	47		ClutchA_polyA_47_hpf
GSM1606246	UCB_Xtro_10.0	stage40	48		ClutchA_polyA_48_hpf
GSM1606247	UCB_Xtro_10.0	stage40	49		ClutchA_polyA_49_hpf
GSM1606248	UCB_Xtro_10.0	stage40	50		ClutchA_polyA_50_hpf
GSM1606249	UCB_Xtro_10.0	stage41	51		ClutchA_polyA_51_hpf
GSM1606250	UCB_Xtro_10.0	stage41	52		ClutchA_polyA_52_hpf
GSM1606269	UCB_Xtro_10.0	stage41	52		ClutchA_polyA_52_hpf_repeat
GSM1606251	UCB_Xtro_10.0	stage41	53		ClutchA_polyA_53_hpf
GSM1606252	UCB_Xtro_10.0	stage41	54		ClutchA_polyA_54_hpf
GSM1606253	UCB_Xtro_10.0	stage41	55		ClutchA_polyA_55_hpf
GSM1606254	UCB_Xtro_10.0	stage42	56		ClutchA_polyA_56_hpf
GSM1606255	UCB_Xtro_10.0	stage42	57		ClutchA_polyA_57_hpf
GSM1606256	UCB_Xtro_10.0	stage42	58		ClutchA_polyA_58_hpf
GSM1606257	UCB_Xtro_10.0	stage42	59		ClutchA_polyA_59_hpf
GSM1606258	UCB_Xtro_10.0	stage42	60		ClutchA_polyA_60_hpf
GSM1606259	UCB_Xtro_10.0	stage42	61		ClutchA_polyA_61_hpf
GSM1606260	UCB_Xtro_10.0	stage42	62		ClutchA_polyA_62_hpf
GSM1606261	UCB_Xtro_10.0	stage42	63		ClutchA_polyA_63_hpf
GSM1606262	UCB_Xtro_10.0	stage42	64		ClutchA_polyA_64_hpf
GSM1606270	UCB_Xtro_10.0	stage42	64		ClutchA_polyA_64_hpf_repeat
GSM1606263	UCB_Xtro_10.0	stage42	65		ClutchA_polyA_65_hpf
GSM1606264	UCB_Xtro_10.0	stage42	66		ClutchA_polyA_66_hpf
