sample	assembly	stage	descriptive_name
DRR032908	UCB_Xtro_10.0	st2	EXPANDE_st2_rep1
DRR032909	UCB_Xtro_10.0	st2	EXPANDE_st2_rep2
DRR032918	UCB_Xtro_10.0	st5	EXPANDE_st5_rep1
DRR032919	UCB_Xtro_10.0	st5	EXPANDE_st5_rep2
DRR032924	UCB_Xtro_10.0	st9	EXPANDE_st9_rep1
DRR032925	UCB_Xtro_10.0	st9	EXPANDE_st9_rep2
DRR032892	UCB_Xtro_10.0	st11	EXPANDE_st11_rep1
DRR032893	UCB_Xtro_10.0	st11	EXPANDE_st11_rep2
DRR032894	UCB_Xtro_10.0	st13	EXPANDE_st13_rep1
DRR032895	UCB_Xtro_10.0	st13	EXPANDE_st13_rep2
DRR032896	UCB_Xtro_10.0	st17	EXPANDE_st17_rep1
DRR032897	UCB_Xtro_10.0	st17	EXPANDE_st17_rep2
DRR032898	UCB_Xtro_10.0	st19	EXPANDE_st19_rep1
DRR032899	UCB_Xtro_10.0	st19	EXPANDE_st19_rep2
DRR032900	UCB_Xtro_10.0	st21	EXPANDE_st21_rep1
DRR032901	UCB_Xtro_10.0	st21	EXPANDE_st21_rep2
DRR032902	UCB_Xtro_10.0	st23	EXPANDE_st23_rep1
DRR032903	UCB_Xtro_10.0	st23	EXPANDE_st23_rep2
DRR032904	UCB_Xtro_10.0	st26	EXPANDE_st26_rep1
DRR032905	UCB_Xtro_10.0	st26	EXPANDE_st26_rep2
DRR032906	UCB_Xtro_10.0	st28	EXPANDE_st28_rep1
DRR032907	UCB_Xtro_10.0	st28	EXPANDE_st28_rep2
DRR032910	UCB_Xtro_10.0	st31	EXPANDE_st31_rep1
DRR032911	UCB_Xtro_10.0	st31	EXPANDE_st31_rep2
DRR032912	UCB_Xtro_10.0	st37.5	EXPANDE_st37.5_rep1
DRR032913	UCB_Xtro_10.0	st37.5	EXPANDE_st37.5_rep2
GSM1606175	UCB_Xtro_10.0	0-2hpf	OWENS_ClutchA_polyA_0_hpf
GSM1606271	UCB_Xtro_10.0	0-2hpf	OWENS_ClutchA_ribozero_0_hpf
GSM1606319	UCB_Xtro_10.0	0-2hpf	OWENS_ClutchB_polyA_0_hpf
GSM1606176	UCB_Xtro_10.0	0-2hpf	OWENS_ClutchA_polyA_0.5_hpf
GSM1606273	UCB_Xtro_10.0	0-2hpf	OWENS_ClutchA_ribozero_0.5_hpf
GSM1606320	UCB_Xtro_10.0	0-2hpf	OWENS_ClutchB_polyA_0.5_hpf
GSM1606177	UCB_Xtro_10.0	0-2hpf	OWENS_ClutchA_polyA_1_hpf
GSM1606284	UCB_Xtro_10.0	0-2hpf	OWENS_ClutchA_ribozero_1_hpf
GSM1606321	UCB_Xtro_10.0	0-2hpf	OWENS_ClutchB_polyA_1_hpf
GSM1606178	UCB_Xtro_10.0	0-2hpf	OWENS_ClutchA_polyA_1.5_hpf
GSM1606295	UCB_Xtro_10.0	0-2hpf	OWENS_ClutchA_ribozero_1.5_hpf
GSM1606322	UCB_Xtro_10.0	0-2hpf	OWENS_ClutchB_polyA_1.5_hpf
GSM1606179	UCB_Xtro_10.0	0-2hpf	OWENS_ClutchA_polyA_2_hpf
GSM1606306	UCB_Xtro_10.0	0-2hpf	OWENS_ClutchA_ribozero_2_hpf
GSM1606323	UCB_Xtro_10.0	0-2hpf	OWENS_ClutchB_polyA_2_hpf
GSM1606180	UCB_Xtro_10.0	0-2hpf	OWENS_ClutchA_polyA_2.5_hpf
GSM1606314	UCB_Xtro_10.0	0-2hpf	OWENS_ClutchA_ribozero_2.5_hpf
GSM1606324	UCB_Xtro_10.0	0-2hpf	OWENS_ClutchB_polyA_2.5_hpf
GSM1606181	UCB_Xtro_10.0	3-5hpf	OWENS_ClutchA_polyA_3_hpf
GSM1606315	UCB_Xtro_10.0	3-5hpf	OWENS_ClutchA_ribozero_3_hpf
GSM1606325	UCB_Xtro_10.0	3-5hpf	OWENS_ClutchB_polyA_3_hpf
GSM1606182	UCB_Xtro_10.0	3-5hpf	OWENS_ClutchA_polyA_3.5_hpf
GSM1606316	UCB_Xtro_10.0	3-5hpf	OWENS_ClutchA_ribozero_3.5_hpf
GSM1606326	UCB_Xtro_10.0	3-5hpf	OWENS_ClutchB_polyA_3.5_hpf
GSM1606183	UCB_Xtro_10.0	3-5hpf	OWENS_ClutchA_polyA_4_hpf
GSM1606317	UCB_Xtro_10.0	3-5hpf	OWENS_ClutchA_ribozero_4_hpf
GSM1606327	UCB_Xtro_10.0	3-5hpf	OWENS_ClutchB_polyA_4_hpf
GSM1606184	UCB_Xtro_10.0	3-5hpf	OWENS_ClutchA_polyA_4.5_hpf
GSM1606318	UCB_Xtro_10.0	3-5hpf	OWENS_ClutchA_ribozero_4.5_hpf
GSM1606328	UCB_Xtro_10.0	3-5hpf	OWENS_ClutchB_polyA_4.5_hpf
GSM1606185	UCB_Xtro_10.0	3-5hpf	OWENS_ClutchA_polyA_5_hpf
GSM1606272	UCB_Xtro_10.0	3-5hpf	OWENS_ClutchA_ribozero_5_hpf
GSM1606329	UCB_Xtro_10.0	3-5hpf	OWENS_ClutchB_polyA_5_hpf
GSM1606186	UCB_Xtro_10.0	3-5hpf	OWENS_ClutchA_polyA_5.5_hpf
GSM1606274	UCB_Xtro_10.0	3-5hpf	OWENS_ClutchA_ribozero_5.5_hpf
GSM1606330	UCB_Xtro_10.0	3-5hpf	OWENS_ClutchB_polyA_5.5_hpf
GSM1606187	UCB_Xtro_10.0	6-8hpf	OWENS_ClutchA_polyA_6_hpf
GSM1606275	UCB_Xtro_10.0	6-8hpf	OWENS_ClutchA_ribozero_6_hpf
GSM1606331	UCB_Xtro_10.0	6-8hpf	OWENS_ClutchB_polyA_6_hpf
GSM1606188	UCB_Xtro_10.0	6-8hpf	OWENS_ClutchA_polyA_6.5_hpf
GSM1606276	UCB_Xtro_10.0	6-8hpf	OWENS_ClutchA_ribozero_6.5_hpf
GSM1606332	UCB_Xtro_10.0	6-8hpf	OWENS_ClutchB_polyA_6.5_hpf
GSM1606189	UCB_Xtro_10.0	6-8hpf	OWENS_ClutchA_polyA_7_hpf
GSM1606277	UCB_Xtro_10.0	6-8hpf	OWENS_ClutchA_ribozero_7_hpf
GSM1606333	UCB_Xtro_10.0	6-8hpf	OWENS_ClutchB_polyA_7_hpf
GSM1606190	UCB_Xtro_10.0	6-8hpf	OWENS_ClutchA_polyA_7.5_hpf
GSM1606278	UCB_Xtro_10.0	6-8hpf	OWENS_ClutchA_ribozero_7.5_hpf
GSM1606334	UCB_Xtro_10.0	6-8hpf	OWENS_ClutchB_polyA_7.5_hpf
GSM1606191	UCB_Xtro_10.0	6-8hpf	OWENS_ClutchA_polyA_8_hpf
GSM1606279	UCB_Xtro_10.0	6-8hpf	OWENS_ClutchA_ribozero_8_hpf
GSM1606335	UCB_Xtro_10.0	6-8hpf	OWENS_ClutchB_polyA_8_hpf
GSM1606192	UCB_Xtro_10.0	6-8hpf	OWENS_ClutchA_polyA_8.5_hpf
GSM1606280	UCB_Xtro_10.0	6-8hpf	OWENS_ClutchA_ribozero_8.5_hpf
GSM1606336	UCB_Xtro_10.0	6-8hpf	OWENS_ClutchB_polyA_8.5_hpf
GSM1606193	UCB_Xtro_10.0	9-11hpf	OWENS_ClutchA_polyA_9_hpf
GSM1606281	UCB_Xtro_10.0	9-11hpf	OWENS_ClutchA_ribozero_9_hpf
GSM1606337	UCB_Xtro_10.0	9-11hpf	OWENS_ClutchB_polyA_9_hpf
GSM1606194	UCB_Xtro_10.0	9-11hpf	OWENS_ClutchA_polyA_9.5_hpf
GSM1606282	UCB_Xtro_10.0	9-11hpf	OWENS_ClutchA_ribozero_9.5_hpf
GSM1606338	UCB_Xtro_10.0	9-11hpf	OWENS_ClutchB_polyA_9.5_hpf
GSM1606195	UCB_Xtro_10.0	9-11hpf	OWENS_ClutchA_polyA_10_hpf
GSM1606283	UCB_Xtro_10.0	9-11hpf	OWENS_ClutchA_ribozero_10_hpf
GSM1606339	UCB_Xtro_10.0	9-11hpf	OWENS_ClutchB_polyA_10_hpf
GSM1606196	UCB_Xtro_10.0	9-11hpf	OWENS_ClutchA_polyA_10.5_hpf
GSM1606285	UCB_Xtro_10.0	9-11hpf	OWENS_ClutchA_ribozero_10.5_hpf
GSM1606340	UCB_Xtro_10.0	9-11hpf	OWENS_ClutchB_polyA_10.5_hpf
GSM1606197	UCB_Xtro_10.0	9-11hpf	OWENS_ClutchA_polyA_11_hpf
GSM1606286	UCB_Xtro_10.0	9-11hpf	OWENS_ClutchA_ribozero_11_hpf
GSM1606341	UCB_Xtro_10.0	9-11hpf	OWENS_ClutchB_polyA_11_hpf
GSM1606198	UCB_Xtro_10.0	9-11hpf	OWENS_ClutchA_polyA_11.5_hpf
GSM1606265	UCB_Xtro_10.0	9-11hpf	OWENS_ClutchA_polyA_11.5_hpf_repeat
GSM1606287	UCB_Xtro_10.0	9-11hpf	OWENS_ClutchA_ribozero_11.5_hpf
GSM1606342	UCB_Xtro_10.0	9-11hpf	OWENS_ClutchB_polyA_11.5_hpf
GSM1606199	UCB_Xtro_10.0	12-14hpf	OWENS_ClutchA_polyA_12_hpf
GSM1606288	UCB_Xtro_10.0	12-14hpf	OWENS_ClutchA_ribozero_12_hpf
GSM1606343	UCB_Xtro_10.0	12-14hpf	OWENS_ClutchB_polyA_12_hpf
GSM1606200	UCB_Xtro_10.0	12-14hpf	OWENS_ClutchA_polyA_12.5_hpf
GSM1606289	UCB_Xtro_10.0	12-14hpf	OWENS_ClutchA_ribozero_12.5_hpf
GSM1606344	UCB_Xtro_10.0	12-14hpf	OWENS_ClutchB_polyA_12.5_hpf
GSM1606201	UCB_Xtro_10.0	12-14hpf	OWENS_ClutchA_polyA_13_hpf
GSM1606290	UCB_Xtro_10.0	12-14hpf	OWENS_ClutchA_ribozero_13_hpf
GSM1606345	UCB_Xtro_10.0	12-14hpf	OWENS_ClutchB_polyA_13_hpf
GSM1606202	UCB_Xtro_10.0	12-14hpf	OWENS_ClutchA_polyA_13.5_hpf
GSM1606291	UCB_Xtro_10.0	12-14hpf	OWENS_ClutchA_ribozero_13.5_hpf
GSM1606346	UCB_Xtro_10.0	12-14hpf	OWENS_ClutchB_polyA_13.5_hpf
GSM1606203	UCB_Xtro_10.0	12-14hpf	OWENS_ClutchA_polyA_14_hpf
GSM1606292	UCB_Xtro_10.0	12-14hpf	OWENS_ClutchA_ribozero_14_hpf
GSM1606347	UCB_Xtro_10.0	12-14hpf	OWENS_ClutchB_polyA_14_hpf
GSM1606204	UCB_Xtro_10.0	12-14hpf	OWENS_ClutchA_polyA_14.5_hpf
GSM1606293	UCB_Xtro_10.0	12-14hpf	OWENS_ClutchA_ribozero_14.5_hpf
GSM1606348	UCB_Xtro_10.0	12-14hpf	OWENS_ClutchB_polyA_14.5_hpf
GSM1606205	UCB_Xtro_10.0	15-17hpf	OWENS_ClutchA_polyA_15_hpf
GSM1606294	UCB_Xtro_10.0	15-17hpf	OWENS_ClutchA_ribozero_15_hpf
GSM1606349	UCB_Xtro_10.0	15-17hpf	OWENS_ClutchB_polyA_15_hpf
GSM1606206	UCB_Xtro_10.0	15-17hpf	OWENS_ClutchA_polyA_15.5_hpf
GSM1606296	UCB_Xtro_10.0	15-17hpf	OWENS_ClutchA_ribozero_15.5_hpf
GSM1606350	UCB_Xtro_10.0	15-17hpf	OWENS_ClutchB_polyA_15.5_hpf
GSM1606207	UCB_Xtro_10.0	15-17hpf	OWENS_ClutchA_polyA_16_hpf
GSM1606297	UCB_Xtro_10.0	15-17hpf	OWENS_ClutchA_ribozero_16_hpf
GSM1606351	UCB_Xtro_10.0	15-17hpf	OWENS_ClutchB_polyA_16_hpf
GSM1606208	UCB_Xtro_10.0	15-17hpf	OWENS_ClutchA_polyA_16.5_hpf
GSM1606298	UCB_Xtro_10.0	15-17hpf	OWENS_ClutchA_ribozero_16.5_hpf
GSM1606352	UCB_Xtro_10.0	15-17hpf	OWENS_ClutchB_polyA_16.5_hpf
GSM1606209	UCB_Xtro_10.0	15-17hpf	OWENS_ClutchA_polyA_17_hpf
GSM1606299	UCB_Xtro_10.0	15-17hpf	OWENS_ClutchA_ribozero_17_hpf
GSM1606353	UCB_Xtro_10.0	15-17hpf	OWENS_ClutchB_polyA_17_hpf
GSM1606210	UCB_Xtro_10.0	15-17hpf	OWENS_ClutchA_polyA_17.5_hpf
GSM1606300	UCB_Xtro_10.0	15-17hpf	OWENS_ClutchA_ribozero_17.5_hpf
GSM1606354	UCB_Xtro_10.0	15-17hpf	OWENS_ClutchB_polyA_17.5_hpf
GSM1606211	UCB_Xtro_10.0	18-20hpf	OWENS_ClutchA_polyA_18_hpf
GSM1606301	UCB_Xtro_10.0	18-20hpf	OWENS_ClutchA_ribozero_18_hpf
GSM1606355	UCB_Xtro_10.0	18-20hpf	OWENS_ClutchB_polyA_18_hpf
GSM1606212	UCB_Xtro_10.0	18-20hpf	OWENS_ClutchA_polyA_18.5_hpf
GSM1606302	UCB_Xtro_10.0	18-20hpf	OWENS_ClutchA_ribozero_18.5_hpf
GSM1606356	UCB_Xtro_10.0	18-20hpf	OWENS_ClutchB_polyA_18.5_hpf
GSM1606213	UCB_Xtro_10.0	18-20hpf	OWENS_ClutchA_polyA_19_hpf
GSM1606303	UCB_Xtro_10.0	18-20hpf	OWENS_ClutchA_ribozero_19_hpf
GSM1606357	UCB_Xtro_10.0	18-20hpf	OWENS_ClutchB_polyA_19_hpf
GSM1606214	UCB_Xtro_10.0	18-20hpf	OWENS_ClutchA_polyA_19.5_hpf
GSM1606304	UCB_Xtro_10.0	18-20hpf	OWENS_ClutchA_ribozero_19.5_hpf
GSM1606358	UCB_Xtro_10.0	18-20hpf	OWENS_ClutchB_polyA_19.5_hpf
GSM1606215	UCB_Xtro_10.0	18-20hpf	OWENS_ClutchA_polyA_20_hpf
GSM1606305	UCB_Xtro_10.0	18-20hpf	OWENS_ClutchA_ribozero_20_hpf
GSM1606359	UCB_Xtro_10.0	18-20hpf	OWENS_ClutchB_polyA_20_hpf
GSM1606216	UCB_Xtro_10.0	18-20hpf	OWENS_ClutchA_polyA_20.5_hpf
GSM1606307	UCB_Xtro_10.0	18-20hpf	OWENS_ClutchA_ribozero_20.5_hpf
GSM1606360	UCB_Xtro_10.0	18-20hpf	OWENS_ClutchB_polyA_20.5_hpf
GSM1606217	UCB_Xtro_10.0	21-23hpf	OWENS_ClutchA_polyA_21_hpf
GSM1606308	UCB_Xtro_10.0	21-23hpf	OWENS_ClutchA_ribozero_21_hpf
GSM1606361	UCB_Xtro_10.0	21-23hpf	OWENS_ClutchB_polyA_21_hpf
GSM1606218	UCB_Xtro_10.0	21-23hpf	OWENS_ClutchA_polyA_21.5_hpf
GSM1606266	UCB_Xtro_10.0	21-23hpf	OWENS_ClutchA_polyA_21.5_hpf_repeat
GSM1606309	UCB_Xtro_10.0	21-23hpf	OWENS_ClutchA_ribozero_21.5_hpf
GSM1606362	UCB_Xtro_10.0	21-23hpf	OWENS_ClutchB_polyA_21.5_hpf
GSM1606219	UCB_Xtro_10.0	21-23hpf	OWENS_ClutchA_polyA_22_hpf
GSM1606310	UCB_Xtro_10.0	21-23hpf	OWENS_ClutchA_ribozero_22_hpf
GSM1606363	UCB_Xtro_10.0	21-23hpf	OWENS_ClutchB_polyA_22_hpf
GSM1606220	UCB_Xtro_10.0	21-23hpf	OWENS_ClutchA_polyA_22.5_hpf
GSM1606311	UCB_Xtro_10.0	21-23hpf	OWENS_ClutchA_ribozero_22.5_hpf
GSM1606364	UCB_Xtro_10.0	21-23hpf	OWENS_ClutchB_polyA_22.5_hpf
GSM1606221	UCB_Xtro_10.0	21-23hpf	OWENS_ClutchA_polyA_23_hpf
GSM1606312	UCB_Xtro_10.0	21-23hpf	OWENS_ClutchA_ribozero_23_hpf
GSM1606365	UCB_Xtro_10.0	21-23hpf	OWENS_ClutchB_polyA_23_hpf
GSM1606222	UCB_Xtro_10.0	21-23hpf	OWENS_ClutchA_polyA_23.5_hpf
GSM1606313	UCB_Xtro_10.0	21-23hpf	OWENS_ClutchA_ribozero_23.5_hpf
GSM1606366	UCB_Xtro_10.0	21-23hpf	OWENS_ClutchB_polyA_23.5_hpf
GSM1606223	UCB_Xtro_10.0	24-26hpf	OWENS_ClutchA_polyA_24_hpf
GSM1606367	UCB_Xtro_10.0	24-26hpf	OWENS_ClutchB_polyA_24_hpf
GSM1606224	UCB_Xtro_10.0	24-26hpf	OWENS_ClutchA_polyA_25_hpf
GSM1606225	UCB_Xtro_10.0	24-26hpf	OWENS_ClutchA_polyA_26_hpf
GSM1606226	UCB_Xtro_10.0	27-29hpf	OWENS_ClutchA_polyA_27_hpf
GSM1606227	UCB_Xtro_10.0	27-29hpf	OWENS_ClutchA_polyA_28_hpf
GSM1606228	UCB_Xtro_10.0	27-29hpf	OWENS_ClutchA_polyA_29_hpf
GSM1606229	UCB_Xtro_10.0	30-32hpf	OWENS_ClutchA_polyA_30_hpf
GSM1606267	UCB_Xtro_10.0	30-32hpf	OWENS_ClutchA_polyA_30_hpf_repeat
GSM1606230	UCB_Xtro_10.0	30-32hpf	OWENS_ClutchA_polyA_31_hpf
GSM1606231	UCB_Xtro_10.0	30-32hpf	OWENS_ClutchA_polyA_32_hpf
GSM1606232	UCB_Xtro_10.0	33-35hpf	OWENS_ClutchA_polyA_33_hpf
GSM1606268	UCB_Xtro_10.0	33-35hpf	OWENS_ClutchA_polyA_33_hpf_repeat
GSM1606233	UCB_Xtro_10.0	33-35hpf	OWENS_ClutchA_polyA_34_hpf
GSM1606234	UCB_Xtro_10.0	33-35hpf	OWENS_ClutchA_polyA_35_hpf
GSM1606235	UCB_Xtro_10.0	36-38hpf	OWENS_ClutchA_polyA_36_hpf
GSM1606236	UCB_Xtro_10.0	36-38hpf	OWENS_ClutchA_polyA_37_hpf
GSM1606237	UCB_Xtro_10.0	36-38hpf	OWENS_ClutchA_polyA_38_hpf
GSM1606238	UCB_Xtro_10.0	39-41hpf	OWENS_ClutchA_polyA_39_hpf
GSM1606239	UCB_Xtro_10.0	39-41hpf	OWENS_ClutchA_polyA_40_hpf
GSM1606240	UCB_Xtro_10.0	39-41hpf	OWENS_ClutchA_polyA_41_hpf
GSM1606241	UCB_Xtro_10.0	42-44hpf	OWENS_ClutchA_polyA_42_hpf
GSM1606242	UCB_Xtro_10.0	42-44hpf	OWENS_ClutchA_polyA_44_hpf
GSM1606243	UCB_Xtro_10.0	45-47hpf	OWENS_ClutchA_polyA_45_hpf
GSM1606244	UCB_Xtro_10.0	45-47hpf	OWENS_ClutchA_polyA_46_hpf
GSM1606245	UCB_Xtro_10.0	45-47hpf	OWENS_ClutchA_polyA_47_hpf
GSM1606246	UCB_Xtro_10.0	48-50hpf	OWENS_ClutchA_polyA_48_hpf
GSM1606247	UCB_Xtro_10.0	48-50hpf	OWENS_ClutchA_polyA_49_hpf
GSM1606248	UCB_Xtro_10.0	48-50hpf	OWENS_ClutchA_polyA_50_hpf
GSM1606249	UCB_Xtro_10.0	51-53hpf	OWENS_ClutchA_polyA_51_hpf
GSM1606250	UCB_Xtro_10.0	51-53hpf	OWENS_ClutchA_polyA_52_hpf
GSM1606269	UCB_Xtro_10.0	51-53hpf	OWENS_ClutchA_polyA_52_hpf_repeat
GSM1606251	UCB_Xtro_10.0	51-53hpf	OWENS_ClutchA_polyA_53_hpf
GSM1606252	UCB_Xtro_10.0	54-56hpf	OWENS_ClutchA_polyA_54_hpf
GSM1606253	UCB_Xtro_10.0	54-56hpf	OWENS_ClutchA_polyA_55_hpf
GSM1606254	UCB_Xtro_10.0	54-56hpf	OWENS_ClutchA_polyA_56_hpf
GSM1606255	UCB_Xtro_10.0	57-59hpf	OWENS_ClutchA_polyA_57_hpf
GSM1606256	UCB_Xtro_10.0	57-59hpf	OWENS_ClutchA_polyA_58_hpf
GSM1606257	UCB_Xtro_10.0	57-59hpf	OWENS_ClutchA_polyA_59_hpf
GSM1606258	UCB_Xtro_10.0	60-62hpf	OWENS_ClutchA_polyA_60_hpf
GSM1606259	UCB_Xtro_10.0	60-62hpf	OWENS_ClutchA_polyA_61_hpf
GSM1606260	UCB_Xtro_10.0	60-62hpf	OWENS_ClutchA_polyA_62_hpf
GSM1606261	UCB_Xtro_10.0	63-66hpf	OWENS_ClutchA_polyA_63_hpf
GSM1606262	UCB_Xtro_10.0	63-66hpf	OWENS_ClutchA_polyA_64_hpf
GSM1606270	UCB_Xtro_10.0	63-66hpf	OWENS_ClutchA_polyA_64_hpf_repeat
GSM1606263	UCB_Xtro_10.0	63-66hpf	OWENS_ClutchA_polyA_65_hpf
GSM1606264	UCB_Xtro_10.0	63-66hpf	OWENS_ClutchA_polyA_66_hpf
SRR800037	GRCz11	Eggs	MARLETAZ_Eggs_rep1
SRR800038	GRCz11	Eggs	MARLETAZ_Eggs_rep2
SRR748489	GRCz11	Eggs	MARLETAZ_Eggs_rep3
SRR1524247	GRCz11	Eggs	MARLETAZ_Eggs_rep4
SRR372787	GRCz11	2-4cells	MARLETAZ_2-4cells_rep1
SRR372788	GRCz11	2-4cells	MARLETAZ_2-4cells_rep2
GSM2837572	GRCz11	2hpf	MARLETAZ_2hpf_rep1
SRR372789	GRCz11	1Kcells	MARLETAZ_1Kcells_rep1
SRR372790	GRCz11	1Kcells	MARLETAZ_1Kcells_rep2
SRR372791	GRCz11	Dome	MARLETAZ_Dome_rep1
SRR372792	GRCz11	Dome	MARLETAZ_Dome_rep2
SRR372793	GRCz11	Shield	MARLETAZ_Shield_rep1
SRR372794	GRCz11	Shield	MARLETAZ_Shield_rep2
SRR372795	GRCz11	Shield	MARLETAZ_Shield_rep3
GSM2837578	GRCz11	8hpf	MARLETAZ_8hpf_rep1
SRR372796	GRCz11	Bud	MARLETAZ_Bud_rep1
SRR372797	GRCz11	Bud	MARLETAZ_Bud_rep2
GSM2837568	GRCz11	12hpf	MARLETAZ_12hpf_rep1
GSM2837569	GRCz11	16hpf	MARLETAZ_16hpf_rep1
GSM2837570	GRCz11	20hpf	MARLETAZ_20hpf_rep1
GSM2837571	GRCz11	26hpf	MARLETAZ_26hpf_rep1
SRR372798	GRCz11	28hpf	MARLETAZ_28hpf_rep1
SRR372799	GRCz11	28hpf	MARLETAZ_28hpf_rep2
SRR372800	GRCz11	48hpf	MARLETAZ_48hpf_rep1
SRR372801	GRCz11	48hpf	MARLETAZ_48hpf_rep2
SRR519720	GRCz11	48hpf	MARLETAZ_48hpf_rep3
SRR519721	GRCz11	48hpf	MARLETAZ_48hpf_rep4
SRR2013982	GRCz11	48hpf	MARLETAZ_48hpf_rep5
SRR2013983	GRCz11	48hpf	MARLETAZ_48hpf_rep6
SRR2013984	GRCz11	48hpf	MARLETAZ_48hpf_rep7
ERR022487	GRCz11	48hpf	MARLETAZ_48hpf_rep8
ERR003998	GRCz11	48hpf	MARLETAZ_48hpf_rep9
SRR1524246	GRCz11	48hpf	MARLETAZ_48hpf_rep10
GSM2837575	GRCz11	48hpf	MARLETAZ_48hpf_rep11
GSM2837577	GRCz11	72hpf	MARLETAZ_72hpf_rep1
SRR372802	GRCz11	120hpf	MARLETAZ_120hpf_rep1
SRR372803	GRCz11	120hpf	MARLETAZ_120hpf_rep2
ERR022482	GRCz11	120hpf	MARLETAZ_120hpf_rep3
ERR022483	GRCz11	120hpf	MARLETAZ_120hpf_rep4
SRR1291414	GRCz11	120hpf	MARLETAZ_120hpf_rep5
SRR1291415	GRCz11	120hpf	MARLETAZ_120hpf_rep6
SRR1291416	GRCz11	120hpf	MARLETAZ_120hpf_rep7
SRR630464	GRCz11	120hpf	MARLETAZ_120hpf_rep8
SRR630466	GRCz11	120hpf	MARLETAZ_120hpf_rep9
SRR630468	GRCz11	120hpf	MARLETAZ_120hpf_rep10
SRR630470	GRCz11	120hpf	MARLETAZ_120hpf_rep11
SRR519736	GRCz11	7dpf	MARLETAZ_7dpf_rep1
SRR519733	GRCz11	7dpf	MARLETAZ_7dpf_rep2
SRR519734	GRCz11	7dpf	MARLETAZ_7dpf_rep3
ERR1397009	GRCz11	1-cell	WHITE_1-cell_rep1
ERR1397010	GRCz11	1-cell	WHITE_1-cell_rep2
ERR1397011	GRCz11	1-cell	WHITE_1-cell_rep3
ERR1397012	GRCz11	1-cell	WHITE_1-cell_rep4
ERR1397013	GRCz11	1-cell	WHITE_1-cell_rep5
ERR1397014	GRCz11	1-cell	WHITE_1-cell_rep6
ERR1397015	GRCz11	1-cell	WHITE_1-cell_rep7
ERR1397016	GRCz11	1-cell	WHITE_1-cell_rep8
ERR1397017	GRCz11	1-cell	WHITE_1-cell_rep9
ERR1397018	GRCz11	1-cell	WHITE_1-cell_rep10
ERR1397019	GRCz11	1-cell	WHITE_1-cell_rep11
ERR1410202	GRCz11	2-cell	WHITE_2-cell_rep1
ERR1410203	GRCz11	2-cell	WHITE_2-cell_rep2
ERR1410204	GRCz11	2-cell	WHITE_2-cell_rep3
ERR1410205	GRCz11	2-cell	WHITE_2-cell_rep4
ERR1410206	GRCz11	2-cell	WHITE_2-cell_rep5
ERR1410207	GRCz11	2-cell	WHITE_2-cell_rep6
ERR1410208	GRCz11	2-cell	WHITE_2-cell_rep7
ERR1410209	GRCz11	2-cell	WHITE_2-cell_rep8
ERR1410210	GRCz11	2-cell	WHITE_2-cell_rep9
ERR1410211	GRCz11	2-cell	WHITE_2-cell_rep10
ERR1410212	GRCz11	2-cell	WHITE_2-cell_rep11
ERR1410213	GRCz11	2-cell	WHITE_2-cell_rep12
ERR1396938	GRCz11	128-cell	WHITE_128-cell_rep1
ERR1396939	GRCz11	128-cell	WHITE_128-cell_rep2
ERR1396940	GRCz11	128-cell	WHITE_128-cell_rep3
ERR1396941	GRCz11	128-cell	WHITE_128-cell_rep4
ERR1396942	GRCz11	128-cell	WHITE_128-cell_rep5
ERR1396943	GRCz11	128-cell	WHITE_128-cell_rep6
ERR1396944	GRCz11	128-cell	WHITE_128-cell_rep7
ERR1396945	GRCz11	128-cell	WHITE_128-cell_rep8
ERR1396946	GRCz11	128-cell	WHITE_128-cell_rep9
ERR1396947	GRCz11	128-cell	WHITE_128-cell_rep10
ERR1396948	GRCz11	128-cell	WHITE_128-cell_rep11
ERR1396949	GRCz11	128-cell	WHITE_128-cell_rep12
ERR1431975	GRCz11	1k-cell	WHITE_1k-cell_rep1
ERR1431976	GRCz11	1k-cell	WHITE_1k-cell_rep2
ERR1431977	GRCz11	1k-cell	WHITE_1k-cell_rep3
ERR1431978	GRCz11	1k-cell	WHITE_1k-cell_rep4
ERR1431979	GRCz11	1k-cell	WHITE_1k-cell_rep5
ERR1431980	GRCz11	1k-cell	WHITE_1k-cell_rep6
ERR1431981	GRCz11	1k-cell	WHITE_1k-cell_rep7
ERR1431982	GRCz11	1k-cell	WHITE_1k-cell_rep8
ERR1431983	GRCz11	1k-cell	WHITE_1k-cell_rep9
ERR1431984	GRCz11	1k-cell	WHITE_1k-cell_rep10
ERR1431985	GRCz11	1k-cell	WHITE_1k-cell_rep11
ERR1431986	GRCz11	1k-cell	WHITE_1k-cell_rep12
ERR1410178	GRCz11	Dome	WHITE_Dome_rep1
ERR1410179	GRCz11	Dome	WHITE_Dome_rep2
ERR1410180	GRCz11	Dome	WHITE_Dome_rep3
ERR1410181	GRCz11	Dome	WHITE_Dome_rep4
ERR1410182	GRCz11	Dome	WHITE_Dome_rep5
ERR1410183	GRCz11	Dome	WHITE_Dome_rep6
ERR1410184	GRCz11	Dome	WHITE_Dome_rep7
ERR1410185	GRCz11	Dome	WHITE_Dome_rep8
ERR1410186	GRCz11	Dome	WHITE_Dome_rep9
ERR1410187	GRCz11	Dome	WHITE_Dome_rep10
ERR1410188	GRCz11	Dome	WHITE_Dome_rep11
ERR1410189	GRCz11	Dome	WHITE_Dome_rep12
ERR1396842	GRCz11	50pc-epiboly	WHITE_50pc-epiboly_rep1
ERR1396843	GRCz11	50pc-epiboly	WHITE_50pc-epiboly_rep2
ERR1396844	GRCz11	50pc-epiboly	WHITE_50pc-epiboly_rep3
ERR1396845	GRCz11	50pc-epiboly	WHITE_50pc-epiboly_rep4
ERR1396846	GRCz11	50pc-epiboly	WHITE_50pc-epiboly_rep5
ERR1396847	GRCz11	50pc-epiboly	WHITE_50pc-epiboly_rep6
ERR1396848	GRCz11	50pc-epiboly	WHITE_50pc-epiboly_rep7
ERR1396849	GRCz11	50pc-epiboly	WHITE_50pc-epiboly_rep8
ERR1396850	GRCz11	50pc-epiboly	WHITE_50pc-epiboly_rep9
ERR1396851	GRCz11	50pc-epiboly	WHITE_50pc-epiboly_rep10
ERR1396852	GRCz11	50pc-epiboly	WHITE_50pc-epiboly_rep11
ERR1396853	GRCz11	50pc-epiboly	WHITE_50pc-epiboly_rep12
ERR1396986	GRCz11	Shield	WHITE_Shield_rep1
ERR1396987	GRCz11	Shield	WHITE_Shield_rep2
ERR1396988	GRCz11	Shield	WHITE_Shield_rep3
ERR1396989	GRCz11	Shield	WHITE_Shield_rep4
ERR1396990	GRCz11	Shield	WHITE_Shield_rep5
ERR1396991	GRCz11	Shield	WHITE_Shield_rep6
ERR1396992	GRCz11	Shield	WHITE_Shield_rep7
ERR1396993	GRCz11	Shield	WHITE_Shield_rep8
ERR1396994	GRCz11	Shield	WHITE_Shield_rep9
ERR1396995	GRCz11	Shield	WHITE_Shield_rep10
ERR1396996	GRCz11	Shield	WHITE_Shield_rep11
ERR1396890	GRCz11	75pc-epiboly	WHITE_75pc-epiboly_rep1
ERR1396891	GRCz11	75pc-epiboly	WHITE_75pc-epiboly_rep2
ERR1396892	GRCz11	75pc-epiboly	WHITE_75pc-epiboly_rep3
ERR1396893	GRCz11	75pc-epiboly	WHITE_75pc-epiboly_rep4
ERR1396894	GRCz11	75pc-epiboly	WHITE_75pc-epiboly_rep5
ERR1396895	GRCz11	75pc-epiboly	WHITE_75pc-epiboly_rep6
ERR1396896	GRCz11	75pc-epiboly	WHITE_75pc-epiboly_rep7
ERR1396897	GRCz11	75pc-epiboly	WHITE_75pc-epiboly_rep8
ERR1396898	GRCz11	75pc-epiboly	WHITE_75pc-epiboly_rep9
ERR1396899	GRCz11	75pc-epiboly	WHITE_75pc-epiboly_rep10
ERR1396900	GRCz11	75pc-epiboly	WHITE_75pc-epiboly_rep11
ERR1396901	GRCz11	75pc-epiboly	WHITE_75pc-epiboly_rep12
ERR1396962	GRCz11	1-4-somites	WHITE_1-4-somites_rep1
ERR1396963	GRCz11	1-4-somites	WHITE_1-4-somites_rep2
ERR1396964	GRCz11	1-4-somites	WHITE_1-4-somites_rep3
ERR1396965	GRCz11	1-4-somites	WHITE_1-4-somites_rep4
ERR1396966	GRCz11	1-4-somites	WHITE_1-4-somites_rep5
ERR1396967	GRCz11	1-4-somites	WHITE_1-4-somites_rep6
ERR1396968	GRCz11	1-4-somites	WHITE_1-4-somites_rep7
ERR1396969	GRCz11	1-4-somites	WHITE_1-4-somites_rep8
ERR1396970	GRCz11	1-4-somites	WHITE_1-4-somites_rep9
ERR1396971	GRCz11	1-4-somites	WHITE_1-4-somites_rep10
ERR1396972	GRCz11	1-4-somites	WHITE_1-4-somites_rep11
ERR1396973	GRCz11	1-4-somites	WHITE_1-4-somites_rep12
ERR1431999	GRCz11	14-19-somites	WHITE_14-19-somites_rep1
ERR1432000	GRCz11	14-19-somites	WHITE_14-19-somites_rep2
ERR1432001	GRCz11	14-19-somites	WHITE_14-19-somites_rep3
ERR1432002	GRCz11	14-19-somites	WHITE_14-19-somites_rep4
ERR1432003	GRCz11	14-19-somites	WHITE_14-19-somites_rep5
ERR1432004	GRCz11	14-19-somites	WHITE_14-19-somites_rep6
ERR1432005	GRCz11	14-19-somites	WHITE_14-19-somites_rep7
ERR1432006	GRCz11	14-19-somites	WHITE_14-19-somites_rep8
ERR1432007	GRCz11	14-19-somites	WHITE_14-19-somites_rep9
ERR1432008	GRCz11	14-19-somites	WHITE_14-19-somites_rep10
ERR1432009	GRCz11	14-19-somites	WHITE_14-19-somites_rep11
ERR1432010	GRCz11	14-19-somites	WHITE_14-19-somites_rep12
ERR1396914	GRCz11	20-25-somites	WHITE_20-25-somites_rep1
ERR1396915	GRCz11	20-25-somites	WHITE_20-25-somites_rep2
ERR1396916	GRCz11	20-25-somites	WHITE_20-25-somites_rep3
ERR1396917	GRCz11	20-25-somites	WHITE_20-25-somites_rep4
ERR1396918	GRCz11	20-25-somites	WHITE_20-25-somites_rep5
ERR1396919	GRCz11	20-25-somites	WHITE_20-25-somites_rep6
ERR1396920	GRCz11	20-25-somites	WHITE_20-25-somites_rep7
ERR1396921	GRCz11	20-25-somites	WHITE_20-25-somites_rep8
ERR1396922	GRCz11	20-25-somites	WHITE_20-25-somites_rep9
ERR1396923	GRCz11	20-25-somites	WHITE_20-25-somites_rep10
ERR1396924	GRCz11	20-25-somites	WHITE_20-25-somites_rep11
ERR1396925	GRCz11	20-25-somites	WHITE_20-25-somites_rep12
ERR738211	GRCz11	Prim-5	WHITE_Prim-5_rep1
ERR738257	GRCz11	Prim-5	WHITE_Prim-5_rep2
ERR738212	GRCz11	Prim-5	WHITE_Prim-5_rep3
ERR738258	GRCz11	Prim-5	WHITE_Prim-5_rep4
ERR738213	GRCz11	Prim-5	WHITE_Prim-5_rep5
ERR738259	GRCz11	Prim-5	WHITE_Prim-5_rep6
ERR738214	GRCz11	Prim-5	WHITE_Prim-5_rep7
ERR738260	GRCz11	Prim-5	WHITE_Prim-5_rep8
ERR738215	GRCz11	Prim-5	WHITE_Prim-5_rep9
ERR738261	GRCz11	Prim-5	WHITE_Prim-5_rep10
ERR738216	GRCz11	Prim-5	WHITE_Prim-5_rep11
ERR738262	GRCz11	Prim-5	WHITE_Prim-5_rep12
ERR738217	GRCz11	Prim-5	WHITE_Prim-5_rep13
ERR738263	GRCz11	Prim-5	WHITE_Prim-5_rep14
ERR738218	GRCz11	Prim-5	WHITE_Prim-5_rep15
ERR738264	GRCz11	Prim-5	WHITE_Prim-5_rep16
ERR738219	GRCz11	Prim-5	WHITE_Prim-5_rep17
ERR738265	GRCz11	Prim-5	WHITE_Prim-5_rep18
ERR738220	GRCz11	Prim-5	WHITE_Prim-5_rep19
ERR738266	GRCz11	Prim-5	WHITE_Prim-5_rep20
ERR738221	GRCz11	Prim-5	WHITE_Prim-5_rep21
ERR738267	GRCz11	Prim-5	WHITE_Prim-5_rep22
ERR738222	GRCz11	Prim-5	WHITE_Prim-5_rep23
ERR738268	GRCz11	Prim-5	WHITE_Prim-5_rep24
ERR738234	GRCz11	Prim-15	WHITE_Prim-15_rep1
ERR738280	GRCz11	Prim-15	WHITE_Prim-15_rep2
ERR738235	GRCz11	Prim-15	WHITE_Prim-15_rep3
ERR738281	GRCz11	Prim-15	WHITE_Prim-15_rep4
ERR738236	GRCz11	Prim-15	WHITE_Prim-15_rep5
ERR738282	GRCz11	Prim-15	WHITE_Prim-15_rep6
ERR738237	GRCz11	Prim-15	WHITE_Prim-15_rep7
ERR738283	GRCz11	Prim-15	WHITE_Prim-15_rep8
ERR738238	GRCz11	Prim-15	WHITE_Prim-15_rep9
ERR738284	GRCz11	Prim-15	WHITE_Prim-15_rep10
ERR738239	GRCz11	Prim-15	WHITE_Prim-15_rep11
ERR738285	GRCz11	Prim-15	WHITE_Prim-15_rep12
ERR738240	GRCz11	Prim-15	WHITE_Prim-15_rep13
ERR738286	GRCz11	Prim-15	WHITE_Prim-15_rep14
ERR738241	GRCz11	Prim-15	WHITE_Prim-15_rep15
ERR738287	GRCz11	Prim-15	WHITE_Prim-15_rep16
ERR738242	GRCz11	Prim-15	WHITE_Prim-15_rep17
ERR738288	GRCz11	Prim-15	WHITE_Prim-15_rep18
ERR738243	GRCz11	Prim-15	WHITE_Prim-15_rep19
ERR738289	GRCz11	Prim-15	WHITE_Prim-15_rep20
ERR738244	GRCz11	Prim-15	WHITE_Prim-15_rep21
ERR738290	GRCz11	Prim-15	WHITE_Prim-15_rep22
ERR738245	GRCz11	Prim-15	WHITE_Prim-15_rep23
ERR738291	GRCz11	Prim-15	WHITE_Prim-15_rep24
ERR1396866	GRCz11	Prim-25	WHITE_Prim-25_rep1
ERR1396867	GRCz11	Prim-25	WHITE_Prim-25_rep2
ERR1396868	GRCz11	Prim-25	WHITE_Prim-25_rep3
ERR1396869	GRCz11	Prim-25	WHITE_Prim-25_rep4
ERR1396870	GRCz11	Prim-25	WHITE_Prim-25_rep5
ERR1396871	GRCz11	Prim-25	WHITE_Prim-25_rep6
ERR1396872	GRCz11	Prim-25	WHITE_Prim-25_rep7
ERR1396873	GRCz11	Prim-25	WHITE_Prim-25_rep8
ERR1396874	GRCz11	Prim-25	WHITE_Prim-25_rep9
ERR1396875	GRCz11	Prim-25	WHITE_Prim-25_rep10
ERR1396876	GRCz11	Prim-25	WHITE_Prim-25_rep11
ERR1396877	GRCz11	Prim-25	WHITE_Prim-25_rep12
ERR755671	GRCz11	Long-pec	WHITE_Long-pec_rep1
ERR759356	GRCz11	Long-pec	WHITE_Long-pec_rep2
ERR755672	GRCz11	Long-pec	WHITE_Long-pec_rep3
ERR759357	GRCz11	Long-pec	WHITE_Long-pec_rep4
ERR755673	GRCz11	Long-pec	WHITE_Long-pec_rep5
ERR759358	GRCz11	Long-pec	WHITE_Long-pec_rep6
ERR755674	GRCz11	Long-pec	WHITE_Long-pec_rep7
ERR759359	GRCz11	Long-pec	WHITE_Long-pec_rep8
ERR755675	GRCz11	Long-pec	WHITE_Long-pec_rep9
ERR759360	GRCz11	Long-pec	WHITE_Long-pec_rep10
ERR755676	GRCz11	Long-pec	WHITE_Long-pec_rep11
ERR757851	GRCz11	Long-pec	WHITE_Long-pec_rep12
ERR755677	GRCz11	Long-pec	WHITE_Long-pec_rep13
ERR757852	GRCz11	Long-pec	WHITE_Long-pec_rep14
ERR755678	GRCz11	Long-pec	WHITE_Long-pec_rep15
ERR759361	GRCz11	Long-pec	WHITE_Long-pec_rep16
ERR755679	GRCz11	Long-pec	WHITE_Long-pec_rep17
ERR759362	GRCz11	Long-pec	WHITE_Long-pec_rep18
ERR755680	GRCz11	Long-pec	WHITE_Long-pec_rep19
ERR759363	GRCz11	Long-pec	WHITE_Long-pec_rep20
ERR755681	GRCz11	Long-pec	WHITE_Long-pec_rep21
ERR759364	GRCz11	Long-pec	WHITE_Long-pec_rep22
ERR755682	GRCz11	Long-pec	WHITE_Long-pec_rep23
ERR759365	GRCz11	Long-pec	WHITE_Long-pec_rep24
ERR755694	GRCz11	Protruding-mouth	WHITE_Protruding-mouth_rep1
ERR759376	GRCz11	Protruding-mouth	WHITE_Protruding-mouth_rep2
ERR755695	GRCz11	Protruding-mouth	WHITE_Protruding-mouth_rep3
ERR759377	GRCz11	Protruding-mouth	WHITE_Protruding-mouth_rep4
ERR755696	GRCz11	Protruding-mouth	WHITE_Protruding-mouth_rep5
ERR759378	GRCz11	Protruding-mouth	WHITE_Protruding-mouth_rep6
ERR755697	GRCz11	Protruding-mouth	WHITE_Protruding-mouth_rep7
ERR759379	GRCz11	Protruding-mouth	WHITE_Protruding-mouth_rep8
ERR755698	GRCz11	Protruding-mouth	WHITE_Protruding-mouth_rep9
ERR757854	GRCz11	Protruding-mouth	WHITE_Protruding-mouth_rep10
ERR755699	GRCz11	Protruding-mouth	WHITE_Protruding-mouth_rep11
ERR759380	GRCz11	Protruding-mouth	WHITE_Protruding-mouth_rep12
ERR755700	GRCz11	Protruding-mouth	WHITE_Protruding-mouth_rep13
ERR757855	GRCz11	Protruding-mouth	WHITE_Protruding-mouth_rep14
ERR755701	GRCz11	Protruding-mouth	WHITE_Protruding-mouth_rep15
ERR759381	GRCz11	Protruding-mouth	WHITE_Protruding-mouth_rep16
ERR755702	GRCz11	Protruding-mouth	WHITE_Protruding-mouth_rep17
ERR759382	GRCz11	Protruding-mouth	WHITE_Protruding-mouth_rep18
ERR755703	GRCz11	Protruding-mouth	WHITE_Protruding-mouth_rep19
ERR759383	GRCz11	Protruding-mouth	WHITE_Protruding-mouth_rep20
ERR755704	GRCz11	Protruding-mouth	WHITE_Protruding-mouth_rep21
ERR759384	GRCz11	Protruding-mouth	WHITE_Protruding-mouth_rep22
ERR755705	GRCz11	Protruding-mouth	WHITE_Protruding-mouth_rep23
ERR759385	GRCz11	Protruding-mouth	WHITE_Protruding-mouth_rep24
ERR830274	GRCz11	Day-4	WHITE_Day-4_rep1
ERR830320	GRCz11	Day-4	WHITE_Day-4_rep2
ERR830275	GRCz11	Day-4	WHITE_Day-4_rep3
ERR830321	GRCz11	Day-4	WHITE_Day-4_rep4
ERR830276	GRCz11	Day-4	WHITE_Day-4_rep5
ERR830322	GRCz11	Day-4	WHITE_Day-4_rep6
ERR830277	GRCz11	Day-4	WHITE_Day-4_rep7
ERR830323	GRCz11	Day-4	WHITE_Day-4_rep8
ERR830278	GRCz11	Day-4	WHITE_Day-4_rep9
ERR830324	GRCz11	Day-4	WHITE_Day-4_rep10
ERR830279	GRCz11	Day-4	WHITE_Day-4_rep11
ERR830325	GRCz11	Day-4	WHITE_Day-4_rep12
ERR830280	GRCz11	Day-4	WHITE_Day-4_rep13
ERR830326	GRCz11	Day-4	WHITE_Day-4_rep14
ERR830281	GRCz11	Day-4	WHITE_Day-4_rep15
ERR830327	GRCz11	Day-4	WHITE_Day-4_rep16
ERR830282	GRCz11	Day-4	WHITE_Day-4_rep17
ERR830328	GRCz11	Day-4	WHITE_Day-4_rep18
ERR830283	GRCz11	Day-4	WHITE_Day-4_rep19
ERR830329	GRCz11	Day-4	WHITE_Day-4_rep20
ERR830284	GRCz11	Day-4	WHITE_Day-4_rep21
ERR830330	GRCz11	Day-4	WHITE_Day-4_rep22
ERR830285	GRCz11	Day-4	WHITE_Day-4_rep23
ERR830331	GRCz11	Day-4	WHITE_Day-4_rep24
ERR830297	GRCz11	Day-5	WHITE_Day-5_rep1
ERR830343	GRCz11	Day-5	WHITE_Day-5_rep2
ERR830298	GRCz11	Day-5	WHITE_Day-5_rep3
ERR830344	GRCz11	Day-5	WHITE_Day-5_rep4
ERR830299	GRCz11	Day-5	WHITE_Day-5_rep5
ERR830345	GRCz11	Day-5	WHITE_Day-5_rep6
ERR830300	GRCz11	Day-5	WHITE_Day-5_rep7
ERR830346	GRCz11	Day-5	WHITE_Day-5_rep8
ERR830301	GRCz11	Day-5	WHITE_Day-5_rep9
ERR830347	GRCz11	Day-5	WHITE_Day-5_rep10
ERR830302	GRCz11	Day-5	WHITE_Day-5_rep11
ERR830348	GRCz11	Day-5	WHITE_Day-5_rep12
ERR830303	GRCz11	Day-5	WHITE_Day-5_rep13
ERR830349	GRCz11	Day-5	WHITE_Day-5_rep14
ERR830304	GRCz11	Day-5	WHITE_Day-5_rep15
ERR830350	GRCz11	Day-5	WHITE_Day-5_rep16
ERR830305	GRCz11	Day-5	WHITE_Day-5_rep17
ERR830351	GRCz11	Day-5	WHITE_Day-5_rep18
ERR830306	GRCz11	Day-5	WHITE_Day-5_rep19
ERR830352	GRCz11	Day-5	WHITE_Day-5_rep20
ERR830307	GRCz11	Day-5	WHITE_Day-5_rep21
ERR830353	GRCz11	Day-5	WHITE_Day-5_rep22
ERR830308	GRCz11	Day-5	WHITE_Day-5_rep23
ERR830354	GRCz11	Day-5	WHITE_Day-5_rep24
GSM3672581	BDGP6.32	2-3_hpf	LIU_2-3_hpf_rep1
GSM3672587	BDGP6.32	2-3_hpf	LIU_2-3_hpf_rep2
GSM3672588	BDGP6.32	2-3_hpf	LIU_2-3_hpf_rep3
GSM3672591	BDGP6.32	2-3_hpf	LIU_2-3_hpf_rep4
GSM3672592	BDGP6.32	2-3_hpf	LIU_2-3_hpf_rep5
GSM3672595	BDGP6.32	2-3_hpf	LIU_2-3_hpf_rep6
GSM3672597	BDGP6.32	2-3_hpf	LIU_2-3_hpf_rep7
GSM3672598	BDGP6.32	2-3_hpf	LIU_2-3_hpf_rep8
GSM3672602	BDGP6.32	2-3_hpf	LIU_2-3_hpf_rep9
GSM3672605	BDGP6.32	2-3_hpf	LIU_2-3_hpf_rep10
GSM3672613	BDGP6.32	2-3_hpf	LIU_2-3_hpf_rep11
GSM3672618	BDGP6.32	5-6_hpf	LIU_5-6_hpf_rep1
GSM3672619	BDGP6.32	5-6_hpf	LIU_5-6_hpf_rep2
GSM3672620	BDGP6.32	5-6_hpf	LIU_5-6_hpf_rep3
GSM3672621	BDGP6.32	5-6_hpf	LIU_5-6_hpf_rep4
GSM3672622	BDGP6.32	5-6_hpf	LIU_5-6_hpf_rep5
GSM3672624	BDGP6.32	5-6_hpf	LIU_5-6_hpf_rep6
GSM3672625	BDGP6.32	5-6_hpf	LIU_5-6_hpf_rep7
GSM3672628	BDGP6.32	5-6_hpf	LIU_5-6_hpf_rep8
GSM3672630	BDGP6.32	5-6_hpf	LIU_5-6_hpf_rep9
GSM3672631	BDGP6.32	5-6_hpf	LIU_5-6_hpf_rep10
GSM3672632	BDGP6.32	5-6_hpf	LIU_5-6_hpf_rep11
GSM3672634	BDGP6.32	5-6_hpf	LIU_5-6_hpf_rep12
GSM3672635	BDGP6.32	5-6_hpf	LIU_5-6_hpf_rep13
GSM3672637	BDGP6.32	5-6_hpf	LIU_5-6_hpf_rep14
GSM3672639	BDGP6.32	5-6_hpf	LIU_5-6_hpf_rep15
GSM3672641	BDGP6.32	5-6_hpf	LIU_5-6_hpf_rep16
GSM3672642	BDGP6.32	5-6_hpf	LIU_5-6_hpf_rep17
GSM3672644	BDGP6.32	5-6_hpf	LIU_5-6_hpf_rep18
GSM3672647	BDGP6.32	5-6_hpf	LIU_5-6_hpf_rep19
GSM3672648	BDGP6.32	5-6_hpf	LIU_5-6_hpf_rep20
GSM3672649	BDGP6.32	5-6_hpf	LIU_5-6_hpf_rep21
GSM3672651	BDGP6.32	5-6_hpf	LIU_5-6_hpf_rep22
GSM3672652	BDGP6.32	5-6_hpf	LIU_5-6_hpf_rep23
GSM3672654	BDGP6.32	5-6_hpf	LIU_5-6_hpf_rep24
GSM3672656	BDGP6.32	8-9_hpf	LIU_8-9_hpf_rep1
GSM3672658	BDGP6.32	8-9_hpf	LIU_8-9_hpf_rep2
GSM3672659	BDGP6.32	8-9_hpf	LIU_8-9_hpf_rep3
GSM3672661	BDGP6.32	8-9_hpf	LIU_8-9_hpf_rep4
GSM3672662	BDGP6.32	8-9_hpf	LIU_8-9_hpf_rep5
GSM3672663	BDGP6.32	8-9_hpf	LIU_8-9_hpf_rep6
GSM3672664	BDGP6.32	8-9_hpf	LIU_8-9_hpf_rep7
GSM3672665	BDGP6.32	8-9_hpf	LIU_8-9_hpf_rep8
GSM3672666	BDGP6.32	8-9_hpf	LIU_8-9_hpf_rep9
GSM3672667	BDGP6.32	8-9_hpf	LIU_8-9_hpf_rep10
GSM3672668	BDGP6.32	8-9_hpf	LIU_8-9_hpf_rep11
GSM3672669	BDGP6.32	8-9_hpf	LIU_8-9_hpf_rep12
GSM3672670	BDGP6.32	8-9_hpf	LIU_8-9_hpf_rep13
GSM3672671	BDGP6.32	8-9_hpf	LIU_8-9_hpf_rep14
GSM3672672	BDGP6.32	8-9_hpf	LIU_8-9_hpf_rep15
GSM3672673	BDGP6.32	8-9_hpf	LIU_8-9_hpf_rep16
GSM3672675	BDGP6.32	8-9_hpf	LIU_8-9_hpf_rep17
GSM3672676	BDGP6.32	8-9_hpf	LIU_8-9_hpf_rep18
GSM3672679	BDGP6.32	8-9_hpf	LIU_8-9_hpf_rep19
GSM3672680	BDGP6.32	8-9_hpf	LIU_8-9_hpf_rep20
GSM3672681	BDGP6.32	8-9_hpf	LIU_8-9_hpf_rep21
GSM3672682	BDGP6.32	8-9_hpf	LIU_8-9_hpf_rep22
GSM3672684	BDGP6.32	8-9_hpf	LIU_8-9_hpf_rep23
GSM3672687	BDGP6.32	8-9_hpf	LIU_8-9_hpf_rep24
GSM3672688	BDGP6.32	8-9_hpf	LIU_8-9_hpf_rep25
GSM3672690	BDGP6.32	8-9_hpf	LIU_8-9_hpf_rep26
GSM3672691	BDGP6.32	8-9_hpf	LIU_8-9_hpf_rep27
GSM3672693	BDGP6.32	11-12_hpf	LIU_11-12_hpf_rep1
GSM3672695	BDGP6.32	11-12_hpf	LIU_11-12_hpf_rep2
GSM3672696	BDGP6.32	11-12_hpf	LIU_11-12_hpf_rep3
GSM3672698	BDGP6.32	11-12_hpf	LIU_11-12_hpf_rep4
GSM3672703	BDGP6.32	11-12_hpf	LIU_11-12_hpf_rep5
GSM3672705	BDGP6.32	11-12_hpf	LIU_11-12_hpf_rep6
GSM3672707	BDGP6.32	11-12_hpf	LIU_11-12_hpf_rep7
GSM3672708	BDGP6.32	11-12_hpf	LIU_11-12_hpf_rep8
GSM3672709	BDGP6.32	11-12_hpf	LIU_11-12_hpf_rep9
GSM3672710	BDGP6.32	11-12_hpf	LIU_11-12_hpf_rep10
GSM3672715	BDGP6.32	11-12_hpf	LIU_11-12_hpf_rep11
GSM3672717	BDGP6.32	11-12_hpf	LIU_11-12_hpf_rep12
GSM3672718	BDGP6.32	11-12_hpf	LIU_11-12_hpf_rep13
GSM3672720	BDGP6.32	11-12_hpf	LIU_11-12_hpf_rep14
GSM3672723	BDGP6.32	14-15_hpf	LIU_14-15_hpf_rep1
GSM3672724	BDGP6.32	14-15_hpf	LIU_14-15_hpf_rep2
GSM3672725	BDGP6.32	14-15_hpf	LIU_14-15_hpf_rep3
GSM3672726	BDGP6.32	14-15_hpf	LIU_14-15_hpf_rep4
GSM3672727	BDGP6.32	14-15_hpf	LIU_14-15_hpf_rep5
GSM3672728	BDGP6.32	14-15_hpf	LIU_14-15_hpf_rep6
GSM3672729	BDGP6.32	14-15_hpf	LIU_14-15_hpf_rep7
GSM3672730	BDGP6.32	14-15_hpf	LIU_14-15_hpf_rep8
GSM3672731	BDGP6.32	14-15_hpf	LIU_14-15_hpf_rep9
GSM3672733	BDGP6.32	14-15_hpf	LIU_14-15_hpf_rep10
GSM3672734	BDGP6.32	14-15_hpf	LIU_14-15_hpf_rep11
GSM3672735	BDGP6.32	14-15_hpf	LIU_14-15_hpf_rep12
GSM3672736	BDGP6.32	14-15_hpf	LIU_14-15_hpf_rep13
GSM3672737	BDGP6.32	14-15_hpf	LIU_14-15_hpf_rep14
GSM3672738	BDGP6.32	14-15_hpf	LIU_14-15_hpf_rep15
GSM3672739	BDGP6.32	14-15_hpf	LIU_14-15_hpf_rep16
GSM3672743	BDGP6.32	14-15_hpf	LIU_14-15_hpf_rep17
GSM3672744	BDGP6.32	14-15_hpf	LIU_14-15_hpf_rep18
GSM3672747	BDGP6.32	14-15_hpf	LIU_14-15_hpf_rep19
GSM3672748	BDGP6.32	14-15_hpf	LIU_14-15_hpf_rep20
GSM3672749	BDGP6.32	14-15_hpf	LIU_14-15_hpf_rep21
GSM3672755	BDGP6.32	17-18_hpf	LIU_17-18_hpf_rep1
GSM3672756	BDGP6.32	17-18_hpf	LIU_17-18_hpf_rep2
GSM3672758	BDGP6.32	17-18_hpf	LIU_17-18_hpf_rep3
GSM3672760	BDGP6.32	17-18_hpf	LIU_17-18_hpf_rep4
GSM3672761	BDGP6.32	17-18_hpf	LIU_17-18_hpf_rep5
GSM3672762	BDGP6.32	17-18_hpf	LIU_17-18_hpf_rep6
GSM3672763	BDGP6.32	17-18_hpf	LIU_17-18_hpf_rep7
GSM3672764	BDGP6.32	17-18_hpf	LIU_17-18_hpf_rep8
GSM3672765	BDGP6.32	17-18_hpf	LIU_17-18_hpf_rep9
GSM3672768	BDGP6.32	17-18_hpf	LIU_17-18_hpf_rep10
GSM3672770	BDGP6.32	17-18_hpf	LIU_17-18_hpf_rep11
GSM3672771	BDGP6.32	17-18_hpf	LIU_17-18_hpf_rep12
GSM3672772	BDGP6.32	17-18_hpf	LIU_17-18_hpf_rep13
GSM3672773	BDGP6.32	17-18_hpf	LIU_17-18_hpf_rep14
GSM3672774	BDGP6.32	17-18_hpf	LIU_17-18_hpf_rep15
GSM3672775	BDGP6.32	17-18_hpf	LIU_17-18_hpf_rep16
GSM3672776	BDGP6.32	17-18_hpf	LIU_17-18_hpf_rep17
GSM3672782	BDGP6.32	17-18_hpf	LIU_17-18_hpf_rep18
GSM3672785	BDGP6.32	20-21_hpf	LIU_20-21_hpf_rep1
GSM3672786	BDGP6.32	20-21_hpf	LIU_20-21_hpf_rep2
GSM3672788	BDGP6.32	20-21_hpf	LIU_20-21_hpf_rep3
GSM3672789	BDGP6.32	20-21_hpf	LIU_20-21_hpf_rep4
GSM3672790	BDGP6.32	20-21_hpf	LIU_20-21_hpf_rep5
GSM3672791	BDGP6.32	20-21_hpf	LIU_20-21_hpf_rep6
GSM3672792	BDGP6.32	20-21_hpf	LIU_20-21_hpf_rep7
GSM3672794	BDGP6.32	20-21_hpf	LIU_20-21_hpf_rep8
GSM3672795	BDGP6.32	20-21_hpf	LIU_20-21_hpf_rep9
GSM3672797	BDGP6.32	20-21_hpf	LIU_20-21_hpf_rep10
GSM3672798	BDGP6.32	20-21_hpf	LIU_20-21_hpf_rep11
GSM3672800	BDGP6.32	20-21_hpf	LIU_20-21_hpf_rep12
GSM3672801	BDGP6.32	20-21_hpf	LIU_20-21_hpf_rep13
GSM3672803	BDGP6.32	20-21_hpf	LIU_20-21_hpf_rep14
GSM3672804	BDGP6.32	20-21_hpf	LIU_20-21_hpf_rep15
GSM3672805	BDGP6.32	20-21_hpf	LIU_20-21_hpf_rep16
GSM3672810	BDGP6.32	20-21_hpf	LIU_20-21_hpf_rep17
GSM3672814	BDGP6.32	20-21_hpf	LIU_20-21_hpf_rep18
GSM3672815	BDGP6.32	20-21_hpf	LIU_20-21_hpf_rep19
GSM3672817	BDGP6.32	20-21_hpf	LIU_20-21_hpf_rep20
GSM3672819	BDGP6.32	20-21_hpf	LIU_20-21_hpf_rep21
GSM3672830	BDGP6.32	23-24_hpf	LIU_23-24_hpf_rep1
GSM3672833	BDGP6.32	23-24_hpf	LIU_23-24_hpf_rep2
GSM3672837	BDGP6.32	23-24_hpf	LIU_23-24_hpf_rep3
GSM3672838	BDGP6.32	23-24_hpf	LIU_23-24_hpf_rep4
GSM3672841	BDGP6.32	23-24_hpf	LIU_23-24_hpf_rep5
GSM3672843	BDGP6.32	23-24_hpf	LIU_23-24_hpf_rep6
GSM3672844	BDGP6.32	23-24_hpf	LIU_23-24_hpf_rep7
GSM3672845	BDGP6.32	23-24_hpf	LIU_23-24_hpf_rep8
GSM3672847	BDGP6.32	23-24_hpf	LIU_23-24_hpf_rep9
GSM3672852	BDGP6.32	23-24_hpf	LIU_23-24_hpf_rep10
GSM3672853	BDGP6.32	23-24_hpf	LIU_23-24_hpf_rep11
GSM3672855	BDGP6.32	23-24_hpf	LIU_23-24_hpf_rep12
GSM3672859	BDGP6.32	23-24_hpf	LIU_23-24_hpf_rep13
GSM3672866	BDGP6.32	23-24_hpf	LIU_23-24_hpf_rep14
GSM2333272	ce11	0_hpf	ZALTS_0_hpf_rep1
GSM2333273	ce11	1_hpf	ZALTS_1_hpf_rep1
GSM2333274	ce11	3_hpf	ZALTS_3_hpf_rep1
GSM2333275	ce11	4.5_hpf	ZALTS_4.5_hpf_rep1
GSM2333276	ce11	7.3_hpf	ZALTS_7.3_hpf_rep1
GSM2333277	ce11	10.8_hpf	ZALTS_10.8_hpf_rep1
GSM2333278	ce11	13.8_hpf	ZALTS_13.8_hpf_rep1
GSM2333279	ce11	0_hpf	ZALTS_0_hpf_rep2
GSM2333280	ce11	1_hpf	ZALTS_1_hpf_rep2
GSM2333281	ce11	3_hpf	ZALTS_3_hpf_rep2
GSM2333282	ce11	4.5_hpf	ZALTS_4.5_hpf_rep2
GSM2333283	ce11	7.3_hpf	ZALTS_7.3_hpf_rep2
GSM2333284	ce11	10.8_hpf	ZALTS_10.8_hpf_rep2
GSM2333285	ce11	13.8_hpf	ZALTS_13.8_hpf_rep2
GSM2333286	ce11	0_hpf	ZALTS_0_hpf_rep3
GSM2333287	ce11	1_hpf	ZALTS_1_hpf_rep3
GSM2333288	ce11	3_hpf	ZALTS_3_hpf_rep3
GSM2333289	ce11	4.5_hpf	ZALTS_4.5_hpf_rep3
GSM2333290	ce11	7.3_hpf	ZALTS_7.3_hpf_rep3
GSM2333291	ce11	10.8_hpf	ZALTS_10.8_hpf_rep3
GSM2333292	ce11	13.8_hpf	ZALTS_13.8_hpf_rep3
GSM2333293	ce11	0_hpf	ZALTS_0_hpf_rep4
GSM2333294	ce11	1_hpf	ZALTS_1_hpf_rep4
GSM2333295	ce11	3_hpf	ZALTS_3_hpf_rep4
GSM2333296	ce11	4.5_hpf	ZALTS_4.5_hpf_rep4
GSM2333297	ce11	7.3_hpf	ZALTS_7.3_hpf_rep4
GSM2333298	ce11	10.8_hpf	ZALTS_10.8_hpf_rep4
GSM2333299	ce11	13.8_hpf	ZALTS_13.8_hpf_rep4
GSM2333300	ce11	0_hpf	ZALTS_0_hpf_rep5
GSM2333301	ce11	1_hpf	ZALTS_1_hpf_rep5
GSM2333302	ce11	3_hpf	ZALTS_3_hpf_rep5
GSM2333303	ce11	4.5_hpf	ZALTS_4.5_hpf_rep5
GSM2333304	ce11	7.3_hpf	ZALTS_7.3_hpf_rep5
GSM2333305	ce11	10.8_hpf	ZALTS_10.8_hpf_rep5
GSM2333306	ce11	13.8_hpf	ZALTS_13.8_hpf_rep5
GSM2333307	ce11	0_hpf	ZALTS_0_hpf_rep6
GSM2333308	ce11	1_hpf	ZALTS_1_hpf_rep6
GSM2333309	ce11	3_hpf	ZALTS_3_hpf_rep6
GSM2333310	ce11	4.5_hpf	ZALTS_4.5_hpf_rep6
GSM2333311	ce11	7.3_hpf	ZALTS_7.3_hpf_rep6
GSM2333312	ce11	10.8_hpf	ZALTS_10.8_hpf_rep6
GSM2333313	ce11	13.8_hpf	ZALTS_13.8_hpf_rep6
GSM2333314	ce11	0_hpf	ZALTS_0_hpf_rep7
GSM2333315	ce11	1_hpf	ZALTS_1_hpf_rep7
GSM2333316	ce11	3_hpf	ZALTS_3_hpf_rep7
GSM2333317	ce11	4.5_hpf	ZALTS_4.5_hpf_rep7
GSM2333318	ce11	7.3_hpf	ZALTS_7.3_hpf_rep7
GSM2333319	ce11	10.8_hpf	ZALTS_10.8_hpf_rep7
GSM2333320	ce11	13.8_hpf	ZALTS_13.8_hpf_rep7
GSM2333321	ce11	0_hpf	ZALTS_0_hpf_rep8
GSM2333322	ce11	1_hpf	ZALTS_1_hpf_rep8
GSM2333323	ce11	3_hpf	ZALTS_3_hpf_rep8
GSM2333324	ce11	4.5_hpf	ZALTS_4.5_hpf_rep8
GSM2333325	ce11	7.3_hpf	ZALTS_7.3_hpf_rep8
GSM2333326	ce11	10.8_hpf	ZALTS_10.8_hpf_rep8
GSM2333327	ce11	13.8_hpf	ZALTS_13.8_hpf_rep8
GSM2333328	ce11	0_hpf	ZALTS_0_hpf_rep9
GSM2333329	ce11	1_hpf	ZALTS_1_hpf_rep9
GSM2333330	ce11	3_hpf	ZALTS_3_hpf_rep9
GSM2333331	ce11	4.5_hpf	ZALTS_4.5_hpf_rep9
GSM2333332	ce11	7.3_hpf	ZALTS_7.3_hpf_rep9
GSM2333333	ce11	10.8_hpf	ZALTS_10.8_hpf_rep9
GSM2333334	ce11	13.8_hpf	ZALTS_13.8_hpf_rep9
GSM2333335	ce11	0_hpf	ZALTS_0_hpf_rep10
GSM2333336	ce11	1_hpf	ZALTS_1_hpf_rep10
GSM2333337	ce11	3_hpf	ZALTS_3_hpf_rep10
GSM2333338	ce11	4.5_hpf	ZALTS_4.5_hpf_rep10
GSM2333339	ce11	7.3_hpf	ZALTS_7.3_hpf_rep10
GSM2333340	ce11	10.8_hpf	ZALTS_10.8_hpf_rep10
GSM2333341	ce11	13.8_hpf	ZALTS_13.8_hpf_rep10
GSM2333342	ce11	0_hpf	ZALTS_0_hpf_rep11
GSM2333343	ce11	1_hpf	ZALTS_1_hpf_rep11
GSM2333344	ce11	3_hpf	ZALTS_3_hpf_rep11
GSM2333345	ce11	4.5_hpf	ZALTS_4.5_hpf_rep11
GSM2333346	ce11	7.3_hpf	ZALTS_7.3_hpf_rep11
GSM2333347	ce11	10.8_hpf	ZALTS_10.8_hpf_rep11
GSM2333348	ce11	13.8_hpf	ZALTS_13.8_hpf_rep11
GSM2333349	ce11	0_hpf	ZALTS_0_hpf_rep12
GSM2333350	ce11	1_hpf	ZALTS_1_hpf_rep12
GSM2333351	ce11	3_hpf	ZALTS_3_hpf_rep12
GSM2333352	ce11	4.5_hpf	ZALTS_4.5_hpf_rep12
GSM2333353	ce11	7.3_hpf	ZALTS_7.3_hpf_rep12
GSM2333354	ce11	10.8_hpf	ZALTS_10.8_hpf_rep12
GSM2333355	ce11	13.8_hpf	ZALTS_13.8_hpf_rep12
GSM2333356	ce11	0_hpf	ZALTS_0_hpf_rep13
GSM2333357	ce11	1_hpf	ZALTS_1_hpf_rep13
GSM2333358	ce11	3_hpf	ZALTS_3_hpf_rep13
GSM2333359	ce11	4.5_hpf	ZALTS_4.5_hpf_rep13
GSM2333360	ce11	7.3_hpf	ZALTS_7.3_hpf_rep13
GSM2333361	ce11	10.8_hpf	ZALTS_10.8_hpf_rep13
GSM2333362	ce11	13.8_hpf	ZALTS_13.8_hpf_rep13
GSM2333363	ce11	0_hpf	ZALTS_0_hpf_rep14
GSM2333364	ce11	1_hpf	ZALTS_1_hpf_rep14
GSM2333365	ce11	3_hpf	ZALTS_3_hpf_rep14
GSM2333366	ce11	4.5_hpf	ZALTS_4.5_hpf_rep14
GSM2333367	ce11	7.3_hpf	ZALTS_7.3_hpf_rep14
GSM2333368	ce11	10.8_hpf	ZALTS_10.8_hpf_rep14
GSM2333369	ce11	13.8_hpf	ZALTS_13.8_hpf_rep14
GSM2333370	ce11	0_hpf	ZALTS_0_hpf_rep15
GSM2333371	ce11	1_hpf	ZALTS_1_hpf_rep15
GSM2333372	ce11	3_hpf	ZALTS_3_hpf_rep15
GSM2333373	ce11	4.5_hpf	ZALTS_4.5_hpf_rep15
GSM2333374	ce11	7.3_hpf	ZALTS_7.3_hpf_rep15
GSM2333375	ce11	10.8_hpf	ZALTS_10.8_hpf_rep15
GSM2333376	ce11	13.8_hpf	ZALTS_13.8_hpf_rep15
GSM2333377	ce11	0_hpf	ZALTS_0_hpf_rep16
GSM2333378	ce11	1_hpf	ZALTS_1_hpf_rep16
GSM2333379	ce11	3_hpf	ZALTS_3_hpf_rep16
GSM2333380	ce11	4.5_hpf	ZALTS_4.5_hpf_rep16
GSM2333381	ce11	7.3_hpf	ZALTS_7.3_hpf_rep16
GSM2333382	ce11	10.8_hpf	ZALTS_10.8_hpf_rep16
GSM2333383	ce11	13.8_hpf	ZALTS_13.8_hpf_rep16
GSM2333384	ce11	0_hpf	ZALTS_0_hpf_rep17
GSM2333385	ce11	1_hpf	ZALTS_1_hpf_rep17
GSM2333386	ce11	3_hpf	ZALTS_3_hpf_rep17
GSM2333387	ce11	4.5_hpf	ZALTS_4.5_hpf_rep17
GSM2333388	ce11	7.3_hpf	ZALTS_7.3_hpf_rep17
GSM2333389	ce11	10.8_hpf	ZALTS_10.8_hpf_rep17
GSM2333390	ce11	13.8_hpf	ZALTS_13.8_hpf_rep17
GSM2333391	ce11	0_hpf	ZALTS_0_hpf_rep18
GSM2333392	ce11	1_hpf	ZALTS_1_hpf_rep18
GSM2333393	ce11	3_hpf	ZALTS_3_hpf_rep18
GSM2333394	ce11	4.5_hpf	ZALTS_4.5_hpf_rep18
GSM2333395	ce11	7.3_hpf	ZALTS_7.3_hpf_rep18
GSM2333396	ce11	10.8_hpf	ZALTS_10.8_hpf_rep18
GSM2333397	ce11	13.8_hpf	ZALTS_13.8_hpf_rep18
GSM2333398	ce11	0_hpf	ZALTS_0_hpf_rep19
GSM2333399	ce11	1_hpf	ZALTS_1_hpf_rep19
GSM2333400	ce11	3_hpf	ZALTS_3_hpf_rep19
GSM2333401	ce11	4.5_hpf	ZALTS_4.5_hpf_rep19
GSM2333402	ce11	7.3_hpf	ZALTS_7.3_hpf_rep19
GSM2333403	ce11	10.8_hpf	ZALTS_10.8_hpf_rep19
GSM2333404	ce11	13.8_hpf	ZALTS_13.8_hpf_rep19
GSM2333405	ce11	0_hpf	ZALTS_0_hpf_rep20
GSM2333406	ce11	1_hpf	ZALTS_1_hpf_rep20
GSM2333407	ce11	3_hpf	ZALTS_3_hpf_rep20
GSM2333408	ce11	4.5_hpf	ZALTS_4.5_hpf_rep20
GSM2333409	ce11	7.3_hpf	ZALTS_7.3_hpf_rep20
GSM2333410	ce11	10.8_hpf	ZALTS_10.8_hpf_rep20
GSM2333411	ce11	13.8_hpf	ZALTS_13.8_hpf_rep20
GSM2333412	ce11	0_hpf	ZALTS_0_hpf_rep21
GSM2333413	ce11	0_hpf	ZALTS_0_hpf_rep22
GSM2333414	ce11	0_hpf	ZALTS_0_hpf_rep23
GSM2333415	ce11	1_hpf	ZALTS_1_hpf_rep21
GSM2333416	ce11	1_hpf	ZALTS_1_hpf_rep22
GSM2333417	ce11	1_hpf	ZALTS_1_hpf_rep23
GSM2333418	ce11	3_hpf	ZALTS_3_hpf_rep21
GSM2333419	ce11	3_hpf	ZALTS_3_hpf_rep22
GSM2333420	ce11	3_hpf	ZALTS_3_hpf_rep23
GSM2333421	ce11	4.5_hpf	ZALTS_4.5_hpf_rep21
GSM2333422	ce11	4.5_hpf	ZALTS_4.5_hpf_rep22
GSM2333423	ce11	4.5_hpf	ZALTS_4.5_hpf_rep23
GSM2333424	ce11	7.3_hpf	ZALTS_7.3_hpf_rep21
GSM2333425	ce11	7.3_hpf	ZALTS_7.3_hpf_rep22
GSM2333426	ce11	7.3_hpf	ZALTS_7.3_hpf_rep23
GSM2333427	ce11	10.8_hpf	ZALTS_10.8_hpf_rep21
GSM2333428	ce11	10.8_hpf	ZALTS_10.8_hpf_rep22
GSM2333429	ce11	10.8_hpf	ZALTS_10.8_hpf_rep23
GSM2333430	ce11	13.8_hpf	ZALTS_13.8_hpf_rep21
GSM2333431	ce11	13.8_hpf	ZALTS_13.8_hpf_rep22
GSM2333432	ce11	13.8_hpf	ZALTS_13.8_hpf_rep23
DRR032791	GRCm38.p6	2cell	EXPANDE_2cell_rep1
DRR032792	GRCm38.p6	2cell	EXPANDE_2cell_rep2
DRR032793	GRCm38.p6	8cell	EXPANDE_8cell_rep1
DRR032794	GRCm38.p6	8cell	EXPANDE_8cell_rep2
DRR032828	GRCm38.p6	morula	EXPANDE_morula_rep1
DRR032829	GRCm38.p6	morula	EXPANDE_morula_rep2
DRR032826	GRCm38.p6	blastocyst	EXPANDE_blastocyst_rep1
DRR032827	GRCm38.p6	blastocyst	EXPANDE_blastocyst_rep2
DRR032817	GRCm38.p6	E7.5	EXPANDE_E7.5_rep1
DRR032818	GRCm38.p6	E7.5	EXPANDE_E7.5_rep2
DRR032819	GRCm38.p6	E8.5	EXPANDE_E8.5_rep1
DRR032820	GRCm38.p6	E8.5	EXPANDE_E8.5_rep2
DRR032821	GRCm38.p6	E8.5	EXPANDE_E8.5_rep3
DRR032822	GRCm38.p6	E9.0	EXPANDE_E9.0_rep1
DRR032823	GRCm38.p6	E9.0	EXPANDE_E9.0_rep2
DRR032824	GRCm38.p6	E9.5	EXPANDE_E9.5_rep1
DRR032825	GRCm38.p6	E9.5	EXPANDE_E9.5_rep2
DRR032795	GRCm38.p6	E10.5	EXPANDE_E10.5_rep1
DRR032796	GRCm38.p6	E10.5	EXPANDE_E10.5_rep2
DRR032797	GRCm38.p6	E10.5	EXPANDE_E10.5_rep3
DRR032798	GRCm38.p6	E11.5	EXPANDE_E11.5_rep1
DRR032799	GRCm38.p6	E11.5	EXPANDE_E11.5_rep2
DRR032800	GRCm38.p6	E11.5	EXPANDE_E11.5_rep3
DRR032801	GRCm38.p6	E12.5	EXPANDE_E12.5_rep1
DRR032802	GRCm38.p6	E12.5	EXPANDE_E12.5_rep2
DRR032803	GRCm38.p6	E12.5	EXPANDE_E12.5_rep3
DRR032804	GRCm38.p6	E13.5	EXPANDE_E13.5_rep1
DRR032805	GRCm38.p6	E13.5	EXPANDE_E13.5_rep2
DRR032806	GRCm38.p6	E14.5	EXPANDE_E14.5_rep1
DRR032807	GRCm38.p6	E14.5	EXPANDE_E14.5_rep2
DRR032808	GRCm38.p6	E15.5	EXPANDE_E15.5_rep1
DRR032809	GRCm38.p6	E15.5	EXPANDE_E15.5_rep2
DRR032810	GRCm38.p6	E16.5	EXPANDE_E16.5_rep1
DRR032811	GRCm38.p6	E16.5	EXPANDE_E16.5_rep2
DRR032812	GRCm38.p6	E16.5	EXPANDE_E16.5_rep3
DRR032813	GRCm38.p6	E17.5	EXPANDE_E17.5_rep1
DRR032814	GRCm38.p6	E17.5	EXPANDE_E17.5_rep2
DRR032815	GRCm38.p6	E18.5	EXPANDE_E18.5_rep1
DRR032816	GRCm38.p6	E18.5	EXPANDE_E18.5_rep2
GSM2837551	BraLan3	Eggs	MARLETAZ_eggs_rep1
GSM2837552	BraLan3	Eggs	MARLETAZ_eggs_rep2
GSM2837532	BraLan3	32cells	MARLETAZ_32cells_rep1
GSM2837533	BraLan3	32cells	MARLETAZ_32cells_rep2
GSM2837534	BraLan3	32cells	MARLETAZ_32cells_rep3
GSM2837535	BraLan3	32cells	MARLETAZ_32cells_rep4
GSM2837536	BraLan3	32cells	MARLETAZ_32cells_rep5
GSM2837548	BraLan3	Blastula	MARLETAZ_Blastula_rep1
GSM2837549	BraLan3	Blastula	MARLETAZ_Blastula_rep2
GSM2837544	BraLan3	7hpf	MARLETAZ_7hpf_rep1
GSM2837545	BraLan3	7hpf	MARLETAZ_7hpf_rep2
GSM2837546	BraLan3	8hpf	MARLETAZ_8hpf_rep1
GSM2837547	BraLan3	8hpf	MARLETAZ_8hpf_rep2
GSM2837516	BraLan3	10hpf	MARLETAZ_10hpf_rep1
GSM2837517	BraLan3	10hpf	MARLETAZ_10hpf_rep2
GSM2837520	BraLan3	15hpf	MARLETAZ_15hpf_rep1
GSM2837521	BraLan3	15hpf	MARLETAZ_15hpf_rep2
GSM2837522	BraLan3	15hpf	MARLETAZ_15hpf_rep3
GSM2837523	BraLan3	15hpf	MARLETAZ_15hpf_rep4
GSM2837524	BraLan3	18hpf	MARLETAZ_18hpf_rep1
GSM2837525	BraLan3	18hpf	MARLETAZ_18hpf_rep2
GSM2837526	BraLan3	21hpf	MARLETAZ_21hpf_rep1
GSM2837527	BraLan3	21hpf	MARLETAZ_21hpf_rep2
GSM2837528	BraLan3	24hpf	MARLETAZ_24hpf_rep1
GSM2837529	BraLan3	24hpf	MARLETAZ_24hpf_rep2
GSM2837530	BraLan3	27hpf	MARLETAZ_27hpf_rep1
GSM2837531	BraLan3	27hpf	MARLETAZ_27hpf_rep2
GSM2837537	BraLan3	36hpf	MARLETAZ_36hpf_rep1
GSM2837538	BraLan3	36hpf	MARLETAZ_36hpf_rep2
GSM2837539	BraLan3	36hpf	MARLETAZ_36hpf_rep3
GSM2837540	BraLan3	50hpf	MARLETAZ_50hpf_rep1
GSM2837541	BraLan3	50hpf	MARLETAZ_50hpf_rep2
GSM2837542	BraLan3	60hpf	MARLETAZ_60hpf_rep1
GSM2837543	BraLan3	60hpf	MARLETAZ_60hpf_rep2
GSM2837567	BraLan3	Premet	MARLETAZ_Premet_rep1
